{"0":-0.21031871438026428,"1":0.07420316338539124,"2":0.07951417565345764,"3":-0.08176910132169724,"4":-0.055763185024261475,"5":-0.049184929579496384,"6":0.02824108675122261,"7":-0.11316420882940292,"8":0.08444347232580185,"9":-0.02936737611889839,"10":0.23692554235458374,"11":-0.10002933442592621,"12":-0.2275855839252472,"13":-0.06836050748825073,"14":-0.03859628736972809,"15":0.11940916627645493,"16":-0.17549122869968414,"17":-0.13013967871665955,"18":-0.014057242311537266,"19":-0.07881954312324524,"20":0.02756093442440033,"21":-0.05090554431080818,"22":-0.099819615483284,"23":0.058822374790906906,"24":-0.16269059479236603,"25":-0.25394055247306824,"26":-0.07626599818468094,"27":-0.11504077911376953,"28":-0.06247827038168907,"29":-0.05973837897181511,"30":0.004402629099786282,"31":0.101046122610569,"32":-0.21448750793933868,"33":-0.045574333518743515,"34":-0.06429130584001541,"35":0.047190550714731216,"36":0.0036263971123844385,"37":-0.001267822808586061,"38":0.1744360774755478,"39":0.016236968338489532,"40":-0.13639216125011444,"41":0.0024385531432926655,"42":0.03817059099674225,"43":0.30485373735427856,"44":0.16556723415851593,"45":0.028110666200518608,"46":-0.02581995725631714,"47":0.016113929450511932,"48":0.04418448358774185,"49":-0.21532610058784485,"50":-0.0223748367279768,"51":0.17904634773731232,"52":0.10471971333026886,"53":0.08072229474782944,"54":-0.07697129994630814,"55":-0.11294613778591156,"56":0.04568932205438614,"57":0.024450846016407013,"58":-0.1661556512117386,"59":0.03122100420296192,"60":0.06606149673461914,"61":-0.16013871133327484,"62":0.0030243461951613426,"63":-0.017086287960410118,"64":0.2803800106048584,"65":0.04527078941464424,"66":-0.12414505332708359,"67":-0.050214145332574844,"68":0.13816429674625397,"69":-0.06701754033565521,"70":-0.055352985858917236,"71":0.020573465153574944,"72":-0.1603642702102661,"73":-0.18865148723125458,"74":-0.27937978506088257,"75":0.18083356320858002,"76":0.3985888361930847,"77":0.11676093190908432,"78":-0.19236993789672852,"79":0.04635590314865112,"80":-0.17326776683330536,"81":-0.02139865607023239,"82":0.11304019391536713,"83":0.06607753783464432,"84":-0.016565561294555664,"85":-0.029138432815670967,"86":-0.09684484452009201,"87":0.019131360575556755,"88":0.19925692677497864,"89":-0.034027840942144394,"90":-0.025493137538433075,"91":0.20028451085090637,"92":0.011496854946017265,"93":-0.0032189025077968836,"94":0.0002241876645712182,"95":0.025117579847574234,"96":-0.03560248762369156,"97":0.030004944652318954,"98":-0.05566425994038582,"99":0.030721820890903473,"100":0.05597953125834465,"101":-0.06457392871379852,"102":0.014679566957056522,"103":0.14349721372127533,"104":-0.1802269071340561,"105":0.12310740351676941,"106":0.051566921174526215,"107":-0.012182287871837616,"108":-0.045637212693691254,"109":0.011388996616005898,"110":-0.06738784164190292,"111":-0.08446391671895981,"112":0.10242772102355957,"113":-0.24350084364414215,"114":0.1686045378446579,"115":0.187646746635437,"116":0.011350502260029316,"117":0.13594567775726318,"118":0.08065830171108246,"119":0.04970640689134598,"120":-0.018173541873693466,"121":0.012688048183918,"122":-0.11132650077342987,"123":-0.04376962035894394,"124":0.14940650761127472,"125":0.02529696375131607,"126":0.08418823778629303,"127":0.049614161252975464}