{"0":-0.1352204531431198,"1":0.15018945932388306,"2":0.040669165551662445,"3":-0.06988631188869476,"4":-0.11107129603624344,"5":-0.052368491888046265,"6":-0.08971723169088364,"7":-0.15899766981601715,"8":0.20694661140441895,"9":-0.17393162846565247,"10":0.19096918404102325,"11":-0.03783903270959854,"12":-0.1918501853942871,"13":-0.03643014281988144,"14":-0.05153031274676323,"15":0.2528083026409149,"16":-0.20657208561897278,"17":-0.2035793960094452,"18":-0.048255275934934616,"19":0.01819501630961895,"20":0.027905220165848732,"21":-0.02753286249935627,"22":-0.0028848457150161266,"23":0.14462900161743164,"24":-0.1575194150209427,"25":-0.36184677481651306,"26":-0.11701798439025879,"27":-0.12562347948551178,"28":-0.09794670343399048,"29":-0.11139217019081116,"30":-0.0300931166857481,"31":-0.033345777541399,"32":-0.18547123670578003,"33":0.003696568077430129,"34":-0.02307325042784214,"35":0.07792944461107254,"36":0.00983677338808775,"37":-0.10300666838884354,"38":0.129608616232872,"39":0.0068707941100001335,"40":-0.31874173879623413,"41":0.0008865981944836676,"42":0.03967069461941719,"43":0.28236785531044006,"44":0.2052581012248993,"45":-0.01788387820124626,"46":0.022747933864593506,"47":-0.13101163506507874,"48":0.11671273410320282,"49":-0.15410369634628296,"50":-0.0026612754445523024,"51":0.12535420060157776,"52":0.0226171612739563,"53":0.05974021181464195,"54":0.04319963604211807,"55":-0.10383777320384979,"56":0.05617285892367363,"57":0.09239063411951065,"58":-0.1652171015739441,"59":-0.08173272758722305,"60":0.06270100921392441,"61":0.020156599581241608,"62":-0.009843491949141026,"63":-0.08712144196033478,"64":0.22793048620224,"65":0.11005156487226486,"66":-0.12850433588027954,"67":-0.14237934350967407,"68":0.14089713990688324,"69":-0.20496013760566711,"70":-0.09264705330133438,"71":0.023731933906674385,"72":-0.17389637231826782,"73":-0.23557168245315552,"74":-0.3895018398761749,"75":-0.040506716817617416,"76":0.4283711314201355,"77":0.21204811334609985,"78":-0.17836490273475647,"79":0.05234931409358978,"80":-0.0592631921172142,"81":0.011670373380184174,"82":0.05950011685490608,"83":0.17878639698028564,"84":-0.01995847560465336,"85":0.11403008550405502,"86":-0.06702833622694016,"87":0.055590976029634476,"88":0.1974606066942215,"89":-0.006767906714230776,"90":-0.0034053546842187643,"91":0.22241276502609253,"92":-0.0074480026960372925,"93":-0.0288621187210083,"94":0.002294260310009122,"95":0.05295856297016144,"96":-0.09379123151302338,"97":0.006176459603011608,"98":-0.142554372549057,"99":-0.04276394844055176,"100":-0.004936510697007179,"101":0.053416118025779724,"102":-0.005530521273612976,"103":0.1582580953836441,"104":-0.2261914759874344,"105":0.1428721696138382,"106":0.042001303285360336,"107":-0.011165332980453968,"108":-0.0403607115149498,"109":0.13946829736232758,"110":-0.09194920212030411,"111":-0.11199348419904709,"112":0.12085583806037903,"113":-0.2010292410850525,"114":0.11252449452877045,"115":0.21511512994766235,"116":0.028346898034214973,"117":0.10503983497619629,"118":0.05869657173752785,"119":0.0793936476111412,"120":-0.08887390047311783,"121":-0.0295107364654541,"122":-0.17971350252628326,"123":-0.021332409232854843,"124":0.07266370952129364,"125":-0.02258145436644554,"126":0.11407317221164703,"127":0.017313148826360703}