{"0":-0.12110069394111633,"1":0.08925454318523407,"2":0.11317862570285797,"3":-0.06128046289086342,"4":-0.09457365423440933,"5":-0.057772692292928696,"6":-0.0983516126871109,"7":-0.1789332777261734,"8":0.1783723086118698,"9":-0.08382369577884674,"10":0.26587849855422974,"11":-0.06930334866046906,"12":-0.23078793287277222,"13":-0.022826747968792915,"14":-0.045997798442840576,"15":0.23752674460411072,"16":-0.23839344084262848,"17":-0.1883140355348587,"18":0.00039647455560043454,"19":-0.011549090966582298,"20":0.006880707573145628,"21":-0.05260450020432472,"22":-0.0031600501388311386,"23":0.13643181324005127,"24":-0.12353212386369705,"25":-0.3407966196537018,"26":-0.10710681229829788,"27":-0.10354101657867432,"28":-0.012101594358682632,"29":-0.020165463909506798,"30":-0.09146793931722641,"31":0.08540674299001694,"32":-0.2372586578130722,"33":-0.01310585718601942,"34":-0.009602492675185204,"35":0.06386277079582214,"36":-0.005824367981404066,"37":-0.10420875996351242,"38":0.178895503282547,"39":0.04631049931049347,"40":-0.24488556385040283,"41":0.03126618638634682,"42":0.04323878511786461,"43":0.2433588057756424,"44":0.19445857405662537,"45":0.0004221438430249691,"46":0.04790325090289116,"47":-0.09910975396633148,"48":0.05813717097043991,"49":-0.17187640070915222,"50":0.018346134573221207,"51":0.1793082058429718,"52":0.1454750895500183,"53":0.020335203036665916,"54":0.05328574776649475,"55":-0.22776183485984802,"56":-0.03753240033984184,"57":0.046427447348833084,"58":-0.13897410035133362,"59":0.008860303089022636,"60":0.016768330708146095,"61":-0.035847436636686325,"62":-0.015777306631207466,"63":-0.1723654419183731,"64":0.28602367639541626,"65":0.15794029831886292,"66":-0.1148235872387886,"67":-0.12369746714830399,"68":0.2108502835035324,"69":-0.06494025886058807,"70":-0.08720427006483078,"71":0.04949159920215607,"72":-0.17820574343204498,"73":-0.185536727309227,"74":-0.32579684257507324,"75":-0.022157644852995872,"76":0.32219934463500977,"77":0.05554965138435364,"78":-0.2708687484264374,"79":0.08581168204545975,"80":-0.07330390065908432,"81":-0.02723374404013157,"82":-0.008570614270865917,"83":0.14148500561714172,"84":-0.027524368837475777,"85":0.10101989656686783,"86":-0.07891453057527542,"87":-0.030937252566218376,"88":0.19696016609668732,"89":-0.05096594616770744,"90":0.03465050831437111,"91":0.23409825563430786,"92":-0.04746321588754654,"93":-0.040979158133268356,"94":0.043410927057266235,"95":0.03367843106389046,"96":-0.0763840600848198,"97":-0.020272528752684593,"98":-0.18520799279212952,"99":-0.07918485254049301,"100":-0.012210460379719734,"101":-0.02443709224462509,"102":-0.04369296878576279,"103":0.07337469607591629,"104":-0.24575060606002808,"105":0.04917367175221443,"106":0.048934973776340485,"107":-0.04679175838828087,"108":-0.0648847222328186,"109":0.027332894504070282,"110":-0.10172821581363678,"111":-0.05351162701845169,"112":0.16972286999225616,"113":-0.28969869017601013,"114":0.2060760259628296,"115":0.15536759793758392,"116":0.014331328682601452,"117":0.1327696144580841,"118":0.05164637416601181,"119":0.08733183145523071,"120":-0.08551791310310364,"121":-0.048245929181575775,"122":-0.112107053399086,"123":-0.054661814123392105,"124":0.10814747214317322,"125":-0.0491589680314064,"126":0.05487128347158432,"127":0.06901881098747253}