{"0":-0.13031744956970215,"1":0.07820479571819305,"2":0.10097196698188782,"3":-0.10942734777927399,"4":-0.1509869396686554,"5":-0.15815240144729614,"6":-0.010178521275520325,"7":-0.12440910935401917,"8":0.1523890644311905,"9":-0.1135673001408577,"10":0.2899991571903229,"11":-0.0811416506767273,"12":-0.2042250782251358,"13":-0.07614295184612274,"14":-0.06806542724370956,"15":0.22417113184928894,"16":-0.19063696265220642,"17":-0.1243671104311943,"18":-0.021754633635282516,"19":0.015864064916968346,"20":0.07458257675170898,"21":-0.02032383531332016,"22":0.030654704198241234,"23":0.15714551508426666,"24":-0.041089508682489395,"25":-0.3747101128101349,"26":-0.10436761379241943,"27":-0.13176947832107544,"28":0.015495168045163155,"29":-0.015589425340294838,"30":-0.059439584612846375,"31":0.07319773733615875,"32":-0.18795350193977356,"33":-0.0786558985710144,"34":0.0004296599654480815,"35":0.01118821557611227,"36":-0.009361032396554947,"37":-0.07425438612699509,"38":0.1688515990972519,"39":0.0009283225517719984,"40":-0.3175092339515686,"41":-0.0484878234565258,"42":0.11490180343389511,"43":0.24343103170394897,"44":0.17618082463741302,"45":0.04749554395675659,"46":0.09465982019901276,"47":-0.0818568766117096,"48":0.06691798567771912,"49":-0.19861772656440735,"50":0.012557976879179478,"51":0.1057778149843216,"52":0.1387585699558258,"53":-0.03766560181975365,"54":0.04586273431777954,"55":-0.22410385310649872,"56":-0.011769069358706474,"57":0.09855037927627563,"58":-0.1797342300415039,"59":0.019072772935032845,"60":0.06370911747217178,"61":-0.07276750355958939,"62":-0.02432449348270893,"63":-0.07896260917186737,"64":0.32540273666381836,"65":0.12068387866020203,"66":-0.13977190852165222,"67":-0.10434326529502869,"68":0.24175652861595154,"69":-0.1623496413230896,"70":-0.05800510570406914,"71":0.032214246690273285,"72":-0.17544662952423096,"73":-0.16618086397647858,"74":-0.3339977562427521,"75":-0.028100188821554184,"76":0.3730672597885132,"77":0.10061759501695633,"78":-0.14241401851177216,"79":0.08762160688638687,"80":-0.14971716701984406,"81":0.05688345059752464,"82":0.02457277849316597,"83":0.15841345489025116,"84":-0.03928685933351517,"85":0.0718916654586792,"86":-0.11192896962165833,"87":-0.05863462761044502,"88":0.1572243869304657,"89":-0.0960875153541565,"90":0.04981883615255356,"91":0.23004426062107086,"92":-0.015025926753878593,"93":-0.01425835769623518,"94":-0.0075564212165772915,"95":-0.024242373183369637,"96":-0.12175720185041428,"97":-0.005833432078361511,"98":-0.14885462820529938,"99":-0.008243734017014503,"100":-0.06005069240927696,"101":-0.04819096624851227,"102":-0.004459971562027931,"103":0.1022542417049408,"104":-0.26959532499313354,"105":-0.003983184229582548,"106":-0.0007721688598394394,"107":-0.04747992008924484,"108":-0.05200904980301857,"109":0.03456591069698334,"110":-0.06603782624006271,"111":-0.13630205392837524,"112":0.07193697988986969,"113":-0.1989528238773346,"114":0.18555961549282074,"115":0.19557629525661469,"116":0.07212500274181366,"117":0.17116029560565948,"118":0.11014966666698456,"119":0.049797408282756805,"120":0.005517845042049885,"121":-0.09260417520999908,"122":-0.12490000575780869,"123":-0.006790800951421261,"124":0.12866203486919403,"125":-0.08655492216348648,"126":0.0615411177277565,"127":0.024629458785057068}