{"0":-0.07926108688116074,"1":0.11564077436923981,"2":0.06960050016641617,"3":-0.10046938061714172,"4":-0.06707330048084259,"5":-0.06492166966199875,"6":-0.0499734953045845,"7":-0.07805979251861572,"8":0.17356079816818237,"9":-0.07140664756298065,"10":0.18408158421516418,"11":-0.048785388469696045,"12":-0.19501295685768127,"13":-0.034038443118333817,"14":-0.02395227551460266,"15":0.11657731980085373,"16":-0.1916627436876297,"17":-0.15211527049541473,"18":-0.09977132081985474,"19":-0.006186173763126135,"20":0.02871028333902359,"21":0.04834676906466484,"22":0.02019151858985424,"23":0.08185552060604095,"24":-0.06546373665332794,"25":-0.2676429748535156,"26":-0.03611672297120094,"27":-0.07847423106431961,"28":0.07525979727506638,"29":-0.06365493685007095,"30":-0.008455402217805386,"31":0.041631702333688736,"32":-0.2531013786792755,"33":-0.027009176090359688,"34":0.06399579346179962,"35":0.05062639340758324,"36":-0.03873434662818909,"37":-0.0535227432847023,"38":0.1528308242559433,"39":0.00581996887922287,"40":-0.2799690067768097,"41":-0.09539054334163666,"42":0.05070868134498596,"43":0.2135036140680313,"44":0.24602584540843964,"45":0.02235150709748268,"46":-0.05303887277841568,"47":-0.0969909280538559,"48":0.07382845878601074,"49":-0.24211201071739197,"50":-0.03421293571591377,"51":0.21706603467464447,"52":0.10149097442626953,"53":0.08974232524633408,"54":0.02416977658867836,"55":-0.18209655582904816,"56":0.012456568889319897,"57":0.0646820142865181,"58":-0.15330271422863007,"59":-0.03216426074504852,"60":0.05805671960115433,"61":-0.07279831171035767,"62":-0.03478404879570007,"63":-0.11239609867334366,"64":0.26598459482192993,"65":0.08445900678634644,"66":-0.17225442826747894,"67":-0.15554343163967133,"68":0.1936132311820984,"69":-0.17872969806194305,"70":-0.04297540336847305,"71":0.1304692029953003,"72":-0.06684847921133041,"73":-0.15024660527706146,"74":-0.19841478765010834,"75":-0.05936608463525772,"76":0.3245513141155243,"77":0.11401259154081345,"78":-0.18094377219676971,"79":0.04397367686033249,"80":-0.1573459953069687,"81":0.009742163121700287,"82":-0.047499846667051315,"83":0.10537680983543396,"84":-0.09621014446020126,"85":0.12163301557302475,"86":-0.015063882805407047,"87":-0.03616562485694885,"88":0.18795357644557953,"89":-0.045939501374959946,"90":0.04796447604894638,"91":0.22741150856018066,"92":-0.035142432898283005,"93":-0.011118827387690544,"94":0.034358903765678406,"95":-0.014319340698421001,"96":-0.05305418744683266,"97":-0.02539905160665512,"98":-0.17152461409568787,"99":-0.032728876918554306,"100":-0.053504135459661484,"101":-0.09342645853757858,"102":0.013702752068638802,"103":0.11434672772884369,"104":-0.2034003585577011,"105":0.14126993715763092,"106":0.03963686153292656,"107":-0.02147156000137329,"108":-0.0008298713946714997,"109":0.0188839640468359,"110":-0.02913389354944229,"111":-0.09340507537126541,"112":0.1413511037826538,"113":-0.2643517851829529,"114":0.23794762790203094,"115":0.14310693740844727,"116":0.06734912097454071,"117":0.1349744349718094,"118":0.05943603813648224,"119":0.12905043363571167,"120":-0.02649546228349209,"121":-0.05830787122249603,"122":-0.08190945535898209,"123":-0.07459573447704315,"124":0.04379788041114807,"125":-0.06709511578083038,"126":0.023210924118757248,"127":-0.02438318356871605}