{"0":-0.1728915423154831,"1":0.10210096836090088,"2":0.05801056697964668,"3":-0.02828640677034855,"4":-0.10966605693101883,"5":-0.09408994764089584,"6":0.012752913869917393,"7":-0.12243613600730896,"8":0.16520898044109344,"9":-0.046109359711408615,"10":0.2132667452096939,"11":-0.0912722796201706,"12":-0.23274348676204681,"13":-0.14197467267513275,"14":-0.014732164330780506,"15":0.15592247247695923,"16":-0.16992785036563873,"17":-0.13667532801628113,"18":-0.09632603824138641,"19":-0.05856700241565704,"20":0.004199830815196037,"21":-0.07713498920202255,"22":0.015777263790369034,"23":0.1077016070485115,"24":-0.10501816123723984,"25":-0.378425657749176,"26":-0.03936956077814102,"27":-0.17730745673179626,"28":0.07025071978569031,"29":-0.0762350782752037,"30":-0.08875540643930435,"31":0.07055138051509857,"32":-0.23640383780002594,"33":-0.12738288938999176,"34":-0.015007934533059597,"35":0.02753400057554245,"36":0.00036712802830152214,"37":-0.04619770124554634,"38":0.16128642857074738,"39":-0.04982453212141991,"40":-0.26641789078712463,"41":-0.09788217395544052,"42":0.02611231431365013,"43":0.22249270975589752,"44":0.18948248028755188,"45":0.022739924490451813,"46":0.06160471960902214,"47":-0.06972121447324753,"48":0.10951760411262512,"49":-0.16744576394557953,"50":-0.035314854234457016,"51":0.18555383384227753,"52":0.11791080236434937,"53":-0.0037495247088372707,"54":0.022864678874611855,"55":-0.17577166855335236,"56":-0.010647815652191639,"57":0.06133337318897247,"58":-0.205306738615036,"59":0.0018511335365474224,"60":0.098416768014431,"61":-0.05749961733818054,"62":-0.06878408044576645,"63":-0.07629141211509705,"64":0.28278788924217224,"65":0.08119168132543564,"66":-0.14101175963878632,"67":-0.09297013282775879,"68":0.2381153255701065,"69":-0.15031985938549042,"70":0.06377934664487839,"71":0.053639158606529236,"72":-0.11891770362854004,"73":-0.2251214236021042,"74":-0.2633818984031677,"75":0.06302601099014282,"76":0.38068273663520813,"77":0.1509811133146286,"78":-0.17388100922107697,"79":0.01097924169152975,"80":-0.19781923294067383,"81":0.0052084121853113174,"82":0.025310063734650612,"83":0.1058182418346405,"84":-0.09546660631895065,"85":0.09700623154640198,"86":-0.07769381254911423,"87":-0.011692714877426624,"88":0.1358693689107895,"89":-0.027580242604017258,"90":0.06239129602909088,"91":0.20013287663459778,"92":-0.012680886313319206,"93":-0.045183513313531876,"94":0.0050409394316375256,"95":0.008603133261203766,"96":-0.1624007523059845,"97":0.0008161678561009467,"98":-0.12377844750881195,"99":0.00276845321059227,"100":0.03711506724357605,"101":-0.0970923900604248,"102":0.04676181077957153,"103":0.0908450111746788,"104":-0.16498929262161255,"105":0.06436756998300552,"106":-0.0012329298770055175,"107":-0.015274249948561192,"108":-0.05011335387825966,"109":-0.023004859685897827,"110":-0.056377291679382324,"111":-0.12653931975364685,"112":0.1153659075498581,"113":-0.19738683104515076,"114":0.1818384826183319,"115":0.16657985746860504,"116":0.04641572758555412,"117":0.16454289853572845,"118":0.08115138113498688,"119":0.07964806258678436,"120":-0.008445306681096554,"121":-0.05361548438668251,"122":-0.09898748993873596,"123":-0.04307926446199417,"124":0.12899966537952423,"125":-0.0918390229344368,"126":0.051086701452732086,"127":-0.029544297605752945}