{"0":-0.1460307240486145,"1":0.10503603518009186,"2":0.030268888920545578,"3":-0.01770050637423992,"4":-0.12298707664012909,"5":-0.04227690026164055,"6":-0.11405932158231735,"7":-0.15457434952259064,"8":0.15383435785770416,"9":-0.10893836617469788,"10":0.18520762026309967,"11":0.002444705693051219,"12":-0.1961120367050171,"13":-0.04145481809973717,"14":-0.010750186629593372,"15":0.1614016443490982,"16":-0.15001405775547028,"17":-0.17595984041690826,"18":-0.06896697729825974,"19":-0.007538922131061554,"20":-0.03644706308841705,"21":-0.08219778537750244,"22":0.05806894600391388,"23":0.07191523164510727,"24":-0.16665633022785187,"25":-0.36964377760887146,"26":-0.06257139146327972,"27":-0.098463274538517,"28":0.04472442716360092,"29":-0.020906925201416016,"30":-0.10676753520965576,"31":-0.017103446647524834,"32":-0.219919815659523,"33":-0.06937806308269501,"34":-0.00202772649936378,"35":0.06975433975458145,"36":0.03980214148759842,"37":-0.014421251602470875,"38":0.22681210935115814,"39":-0.0016432310221716762,"40":-0.23063009977340698,"41":0.00029397272737696767,"42":-0.015209400095045567,"43":0.25588107109069824,"44":0.16156592965126038,"45":0.08317259699106216,"46":0.11213971674442291,"47":-0.08903218060731888,"48":0.07930726557970047,"49":-0.2116619199514389,"50":0.04812513291835785,"51":0.15404649078845978,"52":0.015904022380709648,"53":0.004697792697697878,"54":-0.023581504821777344,"55":-0.14606867730617523,"56":0.004609036725014448,"57":0.12112478166818619,"58":-0.1587291657924652,"59":0.056911639869213104,"60":0.08360208570957184,"61":0.02324582263827324,"62":-0.04527377709746361,"63":-0.06286002695560455,"64":0.3345186412334442,"65":0.11023646593093872,"66":-0.13968481123447418,"67":-0.09068717062473297,"68":0.15763957798480988,"69":-0.1428474336862564,"70":-0.0411328487098217,"71":-0.04120443016290665,"72":-0.12739364802837372,"73":-0.22202560305595398,"74":-0.34068965911865234,"75":0.03933257982134819,"76":0.4329967796802521,"77":0.18580013513565063,"78":-0.2267650067806244,"79":0.054758746176958084,"80":-0.11958673596382141,"81":-0.019464459270238876,"82":0.09681379795074463,"83":0.09608224779367447,"84":-0.04594719409942627,"85":0.0646880641579628,"86":-0.06545747816562653,"87":-0.013931590132415295,"88":0.26104000210762024,"89":0.00853158812969923,"90":0.015045732259750366,"91":0.203583762049675,"92":0.05091102421283722,"93":0.014695077203214169,"94":0.015487617813050747,"95":0.0870533213019371,"96":-0.11158321797847748,"97":-0.04182925075292587,"98":-0.16056081652641296,"99":-0.008602396585047245,"100":0.026071956381201744,"101":0.010763115249574184,"102":0.04365324601531029,"103":0.13017266988754272,"104":-0.21766962110996246,"105":0.1471983939409256,"106":0.00022450939286500216,"107":-0.03319481015205383,"108":0.00009844765008892864,"109":0.10927696526050568,"110":-0.08692830801010132,"111":-0.16924524307250977,"112":0.12491786479949951,"113":-0.20964188873767853,"114":0.1711234152317047,"115":0.25371214747428894,"116":0.07035362720489502,"117":0.16030253469944,"118":0.10817058384418488,"119":0.06645749509334564,"120":0.017378561198711395,"121":0.0904955044388771,"122":-0.12541455030441284,"123":-0.10117380321025848,"124":0.05911800637841225,"125":-0.0633513405919075,"126":0.10129944980144501,"127":0.08349145948886871}