{"0":-0.16374607384204865,"1":0.052319031208753586,"2":0.10922428965568542,"3":-0.11953742057085037,"4":-0.1330336183309555,"5":-0.050708089023828506,"6":-0.00677496287971735,"7":-0.1302318572998047,"8":0.18480227887630463,"9":-0.14519621431827545,"10":0.2475506216287613,"11":-0.10383040457963943,"12":-0.22165392339229584,"13":0.018745681270956993,"14":-0.09539570659399033,"15":0.23289476335048676,"16":-0.10628850758075714,"17":-0.17313869297504425,"18":0.0072160703130066395,"19":-0.016385208815336227,"20":0.018655909225344658,"21":-0.03183261305093765,"22":-0.0237982589751482,"23":0.1407909393310547,"24":-0.051390793174505234,"25":-0.29974380135536194,"26":-0.11340431869029999,"27":-0.17513954639434814,"28":-0.0255093052983284,"29":-0.028620798140764236,"30":-0.049061618745326996,"31":0.0333276093006134,"32":-0.196132630109787,"33":-0.037878502160310745,"34":-0.01951688714325428,"35":0.04503318667411804,"36":-0.012426559813320637,"37":-0.15860384702682495,"38":0.14564138650894165,"39":-0.022093556821346283,"40":-0.27487286925315857,"41":-0.08179151266813278,"42":0.10463860630989075,"43":0.22044889628887177,"44":0.07901141792535782,"45":-0.02356528863310814,"46":0.04281182214617729,"47":-0.09164461493492126,"48":0.02552810311317444,"49":-0.21706350147724152,"50":0.008375807665288448,"51":0.05713248625397682,"52":0.14989686012268066,"53":0.019879980012774467,"54":0.006089122965931892,"55":-0.22379755973815918,"56":0.08936545997858047,"57":0.050711218267679214,"58":-0.16582052409648895,"59":0.06301386654376984,"60":0.07174175977706909,"61":-0.05672767385840416,"62":-0.0046532731503248215,"63":-0.05024205893278122,"64":0.3542543649673462,"65":0.16033105552196503,"66":-0.1363920122385025,"67":-0.06968987733125687,"68":0.21046152710914612,"69":-0.12991294264793396,"70":-0.02305557392537594,"71":0.01811099983751774,"72":-0.1554863601922989,"73":-0.20611199736595154,"74":-0.2670835256576538,"75":0.02668088674545288,"76":0.4279029965400696,"77":0.14970369637012482,"78":-0.18107518553733826,"79":0.08014670759439468,"80":-0.13978679478168488,"81":0.05678628757596016,"82":0.028278954327106476,"83":0.18835538625717163,"84":-0.053849879652261734,"85":0.06271333247423172,"86":-0.08859355747699738,"87":-0.05061176046729088,"88":0.2025875747203827,"89":-0.08900368958711624,"90":0.040973056107759476,"91":0.23742717504501343,"92":-0.035341184586286545,"93":-0.015965154394507408,"94":-0.001929552643559873,"95":0.016752077266573906,"96":-0.08584411442279816,"97":-0.013750610873103142,"98":-0.09167163819074631,"99":0.00011988006008323282,"100":-0.03425723686814308,"101":-0.06839457899332047,"102":-0.010879309847950935,"103":0.1280617117881775,"104":-0.2807270884513855,"105":0.0036332367453724146,"106":0.002613671822473407,"107":-0.07652207463979721,"108":-0.004293160513043404,"109":0.08283302187919617,"110":-0.04252743721008301,"111":-0.14156568050384521,"112":0.11451201140880585,"113":-0.18437641859054565,"114":0.1361449658870697,"115":0.18103350698947906,"116":0.062158942222595215,"117":0.18233534693717957,"118":0.11987895518541336,"119":0.10576450824737549,"120":0.02890281192958355,"121":-0.07200487703084946,"122":-0.1387435495853424,"123":-0.002449194435030222,"124":0.11634786427021027,"125":-0.0698452740907669,"126":0.01866036094725132,"127":0.0651991069316864}