{"0":-0.12707029283046722,"1":0.020454179495573044,"2":0.06752578914165497,"3":-0.08600004017353058,"4":-0.07880168408155441,"5":-0.08557047694921494,"6":0.05999860540032387,"7":-0.1307203322649002,"8":0.20699554681777954,"9":-0.1730024665594101,"10":0.26961690187454224,"11":-0.08213859051465988,"12":-0.16636067628860474,"13":-0.09166637808084488,"14":0.015029487200081348,"15":0.19367077946662903,"16":-0.2234097570180893,"17":-0.15504269301891327,"18":-0.03976108878850937,"19":-0.0011368138948455453,"20":-0.008737681433558464,"21":-0.10676823556423187,"22":0.0549006387591362,"23":0.10770602524280548,"24":-0.11337865144014359,"25":-0.3450014889240265,"26":-0.10586990416049957,"27":-0.13589535653591156,"28":0.025604959577322006,"29":-0.00909755751490593,"30":-0.03308522328734398,"31":0.13211752474308014,"32":-0.23207759857177734,"33":-0.07725793868303299,"34":-0.018485963344573975,"35":0.0638640820980072,"36":-0.02947860397398472,"37":-0.06453476846218109,"38":0.1588342785835266,"39":-0.07254742085933685,"40":-0.27376028895378113,"41":-0.14270704984664917,"42":0.06528346985578537,"43":0.22145439684391022,"44":0.15638034045696259,"45":0.006023467052727938,"46":0.0027722325176000595,"47":-0.05248374491930008,"48":-0.002387084998190403,"49":-0.22151117026805878,"50":-0.010351746343076229,"51":0.09314480423927307,"52":0.10575307160615921,"53":0.04303962364792824,"54":-0.009566167369484901,"55":-0.18116945028305054,"56":0.07713810354471207,"57":0.008654228411614895,"58":-0.17185305058956146,"59":-0.0516815260052681,"60":0.043303247541189194,"61":-0.04876962676644325,"62":-0.015214715152978897,"63":-0.04535536468029022,"64":0.3147103488445282,"65":0.10898896306753159,"66":-0.1471787393093109,"67":-0.04324522241950035,"68":0.21077819168567657,"69":-0.1653749644756317,"70":0.03436635062098503,"71":0.04265105724334717,"72":-0.14794619381427765,"73":-0.24577510356903076,"74":-0.3028472661972046,"75":-0.06576298177242279,"76":0.3849228322505951,"77":0.14868879318237305,"78":-0.1486634910106659,"79":0.027466176077723503,"80":-0.13635942339897156,"81":0.0064950017258524895,"82":0.045104607939720154,"83":0.1900205761194229,"84":-0.06038016080856323,"85":0.12741464376449585,"86":-0.049973014742136,"87":0.017248252406716347,"88":0.12182942032814026,"89":-0.06850158423185349,"90":0.004115210380405188,"91":0.2332248091697693,"92":-0.006667749024927616,"93":-0.03676324337720871,"94":0.025488289073109627,"95":-0.007850782945752144,"96":0.006116613745689392,"97":0.0037559003103524446,"98":-0.17766499519348145,"99":0.04113977774977684,"100":-0.037973105907440186,"101":-0.06056603789329529,"102":-0.03193221613764763,"103":0.11853110045194626,"104":-0.2312825322151184,"105":0.0833824872970581,"106":0.05539046227931976,"107":-0.0435430109500885,"108":-0.009367709048092365,"109":0.025776755064725876,"110":-0.05954773724079132,"111":-0.16319583356380463,"112":0.09698556363582611,"113":-0.24262088537216187,"114":0.07586085051298141,"115":0.24855884909629822,"116":0.020391440019011497,"117":0.20327211916446686,"118":0.04263336583971977,"119":0.10336936265230179,"120":-0.014679244719445705,"121":-0.07277456670999527,"122":-0.15626384317874908,"123":0.030398491770029068,"124":0.09012217819690704,"125":-0.08514577895402908,"126":0.036520738154649734,"127":0.022578522562980652}