{"0":-0.2122815102338791,"1":0.15108685195446014,"2":0.0658944770693779,"3":-0.016125328838825226,"4":-0.03756755217909813,"5":-0.07059256732463837,"6":0.04544825479388237,"7":-0.08174753934144974,"8":0.18083566427230835,"9":-0.09532246738672256,"10":0.24152036011219025,"11":-0.03551045432686806,"12":-0.15718142688274384,"13":-0.11302236467599869,"14":-0.03240231052041054,"15":0.1527986079454422,"16":-0.13367970287799835,"17":-0.15408924221992493,"18":-0.08147457987070084,"19":-0.13602006435394287,"20":0.061969101428985596,"21":0.003894988214597106,"22":-0.10317710041999817,"23":0.05391532555222511,"24":-0.10928387194871902,"25":-0.29474881291389465,"26":-0.05248994007706642,"27":-0.11942542344331741,"28":0.011535449884831905,"29":-0.11128175258636475,"30":0.03605465218424797,"31":0.0866275429725647,"32":-0.20837725698947906,"33":-0.07538220286369324,"34":-0.057103481143713,"35":0.029228534549474716,"36":-0.0211186483502388,"37":0.0528830960392952,"38":0.12427347898483276,"39":0.038728322833776474,"40":-0.11045882105827332,"41":-0.0214068666100502,"42":0.0006348735187202692,"43":0.3536376357078552,"44":0.1466693878173828,"45":0.07421067357063293,"46":-0.007235134951770306,"47":0.001611561980098486,"48":0.021092073991894722,"49":-0.2118907868862152,"50":-0.050091445446014404,"51":0.15150953829288483,"52":0.1263505518436432,"53":0.12445774674415588,"54":-0.0221977811306715,"55":-0.14936286211013794,"56":0.03222309425473213,"57":-0.030799683183431625,"58":-0.19699017703533173,"59":0.07336892187595367,"60":0.04464089125394821,"61":-0.15937910974025726,"62":-0.07061910629272461,"63":0.014859570190310478,"64":0.3086610734462738,"65":0.09979812800884247,"66":-0.08395960927009583,"67":-0.09120102226734161,"68":0.1885986328125,"69":-0.1505952924489975,"70":-0.056853339076042175,"71":0.014076165854930878,"72":-0.10728875547647476,"73":-0.17438478767871857,"74":-0.25169405341148376,"75":0.1275082528591156,"76":0.3635609745979309,"77":0.1652669459581375,"78":-0.20446491241455078,"79":0.009182780981063843,"80":-0.13928961753845215,"81":0.05720333009958267,"82":0.09253140538930893,"83":0.03687208518385887,"84":-0.09685013443231583,"85":0.0027526479680091143,"86":-0.08502142876386642,"87":-0.005567979998886585,"88":0.17455238103866577,"89":-0.003387702163308859,"90":-0.07720918208360672,"91":0.194381445646286,"92":0.015385045669972897,"93":-0.02929641678929329,"94":0.011972252279520035,"95":-0.05671144649386406,"96":-0.0341876856982708,"97":-0.008887745440006256,"98":-0.09235312044620514,"99":-0.0438009649515152,"100":0.03348851948976517,"101":-0.07885174453258514,"102":0.002211623825132847,"103":0.09559445828199387,"104":-0.15465685725212097,"105":0.16697025299072266,"106":0.02476191706955433,"107":0.012485701590776443,"108":-0.08428387343883514,"109":0.10368398576974869,"110":-0.12460505217313766,"111":-0.0685650184750557,"112":0.12185342609882355,"113":-0.16188378632068634,"114":0.2709716558456421,"115":0.2270200103521347,"116":0.030451204627752304,"117":0.17450277507305145,"118":0.09022384136915207,"119":0.08010869473218918,"120":-0.026120519265532494,"121":-0.0051699173636734486,"122":-0.05157235264778137,"123":-0.07563436776399612,"124":0.1039624884724617,"125":-0.013567052781581879,"126":0.07337286323308945,"127":0.02237045019865036}