{"0":-0.17856600880622864,"1":0.0803178995847702,"2":0.05327823385596275,"3":-0.06278451532125473,"4":-0.11857891082763672,"5":-0.08318685740232468,"6":0.005661014001816511,"7":-0.14246219396591187,"8":0.1427185833454132,"9":-0.0331462062895298,"10":0.29250243306159973,"11":-0.04099037125706673,"12":-0.15427324175834656,"13":-0.14568991959095,"14":0.04343480244278908,"15":0.11812441051006317,"16":-0.1685253083705902,"17":-0.12367619574069977,"18":-0.03186435252428055,"19":-0.1293322890996933,"20":-0.05685710161924362,"21":-0.10213202983140945,"22":0.019309082999825478,"23":0.12242943048477173,"24":-0.1371108889579773,"25":-0.3067140281200409,"26":-0.07461724430322647,"27":-0.12056221812963486,"28":0.02512560971081257,"29":-0.08228207379579544,"30":-0.09614180773496628,"31":0.09445375949144363,"32":-0.245949387550354,"33":-0.18353420495986938,"34":-0.030469398945569992,"35":0.09399018436670303,"36":0.07713595032691956,"37":0.017663326114416122,"38":0.17286624014377594,"39":0.03305229917168617,"40":-0.11769857257604599,"41":0.016093377023935318,"42":0.03878102824091911,"43":0.29111775755882263,"44":0.14457957446575165,"45":0.055890318006277084,"46":0.032647546380758286,"47":0.03939086198806763,"48":0.11382915824651718,"49":-0.22834837436676025,"50":0.016939297318458557,"51":0.09800373762845993,"52":0.15879087150096893,"53":-0.024469416588544846,"54":-0.031114136800169945,"55":-0.18952733278274536,"56":0.002318717772141099,"57":0.04191768914461136,"58":-0.17522412538528442,"59":0.04433957487344742,"60":0.032639916986227036,"61":-0.0920586809515953,"62":-0.06170684099197388,"63":-0.013751927763223648,"64":0.3232608735561371,"65":0.17639482021331787,"66":-0.07102607190608978,"67":-0.08677983283996582,"68":0.12333960086107254,"69":-0.04418059438467026,"70":-0.03198625147342682,"71":0.021924981847405434,"72":-0.13763201236724854,"73":-0.13434164226055145,"74":-0.3214198052883148,"75":0.14850907027721405,"76":0.36540594696998596,"77":0.0601239912211895,"78":-0.22057227790355682,"79":0.018593769520521164,"80":-0.17894025146961212,"81":0.01789555512368679,"82":0.01809813641011715,"83":0.01889876462519169,"84":-0.09813451766967773,"85":0.07783070206642151,"86":-0.12470415234565735,"87":0.010982012376189232,"88":0.14995932579040527,"89":-0.0063314735889434814,"90":0.003924451768398285,"91":0.21652314066886902,"92":0.008919937536120415,"93":0.07672315090894699,"94":0.054345764219760895,"95":0.06911979615688324,"96":-0.09233327209949493,"97":0.013150726445019245,"98":-0.11698523163795471,"99":0.025567980483174324,"100":0.11903484910726547,"101":-0.0844791978597641,"102":0.04202030971646309,"103":0.08431683480739594,"104":-0.306795209646225,"105":0.060414813458919525,"106":-0.02634495496749878,"107":-0.046367939561605453,"108":-0.05841945856809616,"109":0.007620374672114849,"110":-0.03850428760051727,"111":-0.06880275160074234,"112":0.11070537567138672,"113":-0.29537826776504517,"114":0.180140882730484,"115":0.2527962028980255,"116":-0.029186595231294632,"117":0.18500113487243652,"118":0.06263531744480133,"119":-0.014226928353309631,"120":0.0013843855122104287,"121":0.013585677370429039,"122":-0.03203081339597702,"123":-0.0574740394949913,"124":0.09674394875764847,"125":-0.08000361919403076,"126":0.028709053993225098,"127":0.073795385658741}