{"0":-0.17611046135425568,"1":0.14510327577590942,"2":0.11593035608530045,"3":-0.019686711952090263,"4":-0.15069229900836945,"5":-0.11681097745895386,"6":-0.03145137056708336,"7":-0.16375911235809326,"8":0.08812803030014038,"9":-0.03171592205762863,"10":0.23749114573001862,"11":-0.01930973492562771,"12":-0.1439143270254135,"13":-0.14985892176628113,"14":-0.03240346163511276,"15":0.17099662125110626,"16":-0.22809414565563202,"17":-0.18054375052452087,"18":0.013616922311484814,"19":-0.00947760883718729,"20":0.10380794107913971,"21":0.0006899266154505312,"22":0.0029487963765859604,"23":0.04551700875163078,"24":-0.11212087422609329,"25":-0.3152323365211487,"26":-0.08366285264492035,"27":-0.11721272021532059,"28":0.09998101741075516,"29":-0.036237601190805435,"30":0.020760197192430496,"31":0.02303128130733967,"32":-0.2556707561016083,"33":-0.11989114433526993,"34":0.009722069837152958,"35":0.07926999777555466,"36":0.04410260543227196,"37":-0.046672407537698746,"38":0.1644885390996933,"39":-0.10290367156267166,"40":-0.26236996054649353,"41":-0.015643076971173286,"42":0.09328559041023254,"43":0.22246186435222626,"44":0.1645156443119049,"45":0.021872954443097115,"46":0.04164537787437439,"47":-0.08527980744838715,"48":0.062255896627902985,"49":-0.12235303223133087,"50":0.023619484156370163,"51":0.1179046779870987,"52":0.11186771094799042,"53":0.027609504759311676,"54":-0.008314469829201698,"55":-0.19445942342281342,"56":0.032114867120981216,"57":0.0968819186091423,"58":-0.19489893317222595,"59":0.03625607118010521,"60":0.07417155057191849,"61":-0.08153475075960159,"62":0.04603240638971329,"63":-0.03057333640754223,"64":0.26432135701179504,"65":0.01946931891143322,"66":-0.06126337870955467,"67":-0.17843061685562134,"68":0.18763303756713867,"69":-0.1414749026298523,"70":-0.0614420548081398,"71":0.09851595014333725,"72":-0.13647723197937012,"73":-0.1283731311559677,"74":-0.3741934597492218,"75":0.0064352829940617085,"76":0.39446327090263367,"77":0.06889230757951736,"78":-0.2086946666240692,"79":0.03955746069550514,"80":-0.08913358300924301,"81":0.014754761941730976,"82":0.0918928012251854,"83":0.11621875315904617,"84":-0.01608044095337391,"85":0.050739869475364685,"86":-0.1548510193824768,"87":-0.024459268897771835,"88":0.21753409504890442,"89":-0.025103358551859856,"90":-0.02136263996362686,"91":0.21260136365890503,"92":0.019676396623253822,"93":0.01289708074182272,"94":0.040821317583322525,"95":0.023772746324539185,"96":-0.06683219224214554,"97":0.022054877132177353,"98":-0.12276002764701843,"99":-0.019877497106790543,"100":0.014353487640619278,"101":-0.02820027619600296,"102":0.0015714785549789667,"103":0.19690966606140137,"104":-0.1393541842699051,"105":0.030030710622668266,"106":-0.0033890174236148596,"107":0.028919300064444542,"108":-0.08001641929149628,"109":0.01173050981014967,"110":-0.08276955783367157,"111":-0.12353515625,"112":0.13081146776676178,"113":-0.1702324002981186,"114":0.2504253685474396,"115":0.19524556398391724,"116":-0.010879701934754848,"117":0.12225998193025589,"118":0.10123995691537857,"119":0.07374855130910873,"120":-0.03419245779514313,"121":-0.05397501960396767,"122":-0.13300156593322754,"123":0.0018103101756423712,"124":0.10839728266000748,"125":-0.13022573292255402,"126":0.11818151921033859,"127":0.04790741205215454}