{"0":-0.19983592629432678,"1":0.09510661661624908,"2":0.029966002330183983,"3":-0.056502293795347214,"4":-0.08204123377799988,"5":-0.02022947184741497,"6":-0.07462827861309052,"7":-0.14317625761032104,"8":0.17343288660049438,"9":-0.11052242666482925,"10":0.22462967038154602,"11":0.042777009308338165,"12":-0.15499411523342133,"13":-0.00842615868896246,"14":-0.09297535568475723,"15":0.13918180763721466,"16":-0.22927822172641754,"17":-0.12823601067066193,"18":0.02441483363509178,"19":-0.033187054097652435,"20":0.0012979313032701612,"21":-0.0706583559513092,"22":-0.05251241847872734,"23":0.08660880476236343,"24":-0.10433322191238403,"25":-0.31100785732269287,"26":-0.1256064921617508,"27":-0.12108178436756134,"28":0.01712752692401409,"29":-0.005739790387451649,"30":0.005411467049270868,"31":-0.03097124584019184,"32":-0.18137940764427185,"33":0.01892947405576706,"34":-0.01190782431513071,"35":0.09487714618444443,"36":0.03178428113460541,"37":-0.03721114993095398,"38":0.16319671273231506,"39":-0.02084563672542572,"40":-0.13775092363357544,"41":-0.03570440411567688,"42":0.02736935205757618,"43":0.23890234529972076,"44":0.12075579166412354,"45":0.07686758786439896,"46":0.05852051079273224,"47":-0.07689139991998672,"48":0.1127084419131279,"49":-0.1429956555366516,"50":0.05383063852787018,"51":0.14117783308029175,"52":0.12264630198478699,"53":0.061865538358688354,"54":-0.0050559332594275475,"55":-0.21808768808841705,"56":0.03433464467525482,"57":0.11013924330472946,"58":-0.15861207246780396,"59":0.08445052802562714,"60":-0.019674066454172134,"61":0.004167966544628143,"62":0.03399229794740677,"63":0.0010357530554756522,"64":0.31228017807006836,"65":0.1388329565525055,"66":-0.16652879118919373,"67":-0.09421741962432861,"68":0.23480737209320068,"69":-0.15322960913181305,"70":-0.03891710564494133,"71":-0.02949860692024231,"72":-0.12563639879226685,"73":-0.24630030989646912,"74":-0.2855696976184845,"75":0.06410598009824753,"76":0.44547587633132935,"77":0.18858791887760162,"78":-0.190937340259552,"79":0.021746139973402023,"80":-0.11725672334432602,"81":-0.0733850747346878,"82":0.04042666405439377,"83":0.16327396035194397,"84":-0.09877294301986694,"85":0.030208952724933624,"86":-0.08889497816562653,"87":-0.046285223215818405,"88":0.235773965716362,"89":0.05961153656244278,"90":-0.01511638518422842,"91":0.23438431322574615,"92":-0.01832408271729946,"93":0.01241206843405962,"94":-0.01627507247030735,"95":0.06449919939041138,"96":-0.10618317872285843,"97":-0.0032166363671422005,"98":-0.06681649386882782,"99":-0.05360007286071777,"100":-0.009319926612079144,"101":-0.06603264063596725,"102":-0.0035413082223385572,"103":0.16418612003326416,"104":-0.23090021312236786,"105":0.12619908154010773,"106":-0.004610032774507999,"107":0.005439742933958769,"108":-0.0525856576859951,"109":0.11909361183643341,"110":-0.08238696306943893,"111":-0.09821189194917679,"112":0.16294698417186737,"113":-0.22216671705245972,"114":0.2067684531211853,"115":0.20756922662258148,"116":0.05616683512926102,"117":0.2153605967760086,"118":0.0890057310461998,"119":0.09717563539743423,"120":0.026514753699302673,"121":-0.04317067936062813,"122":-0.12832318246364594,"123":-0.06100153177976608,"124":-0.007694392930716276,"125":-0.0824270024895668,"126":0.07248565554618835,"127":0.08786995708942413}