{"0":-0.16646911203861237,"1":0.054192543029785156,"2":0.03213709965348244,"3":-0.05503391474485397,"4":-0.08110443502664566,"5":-0.04209749028086662,"6":-0.052370332181453705,"7":-0.156706765294075,"8":0.18930697441101074,"9":-0.07000401616096497,"10":0.2159622460603714,"11":0.020797304809093475,"12":-0.15882384777069092,"13":-0.03699909895658493,"14":0.0038219380658119917,"15":0.13853245973587036,"16":-0.183900386095047,"17":-0.1491803377866745,"18":-0.03858446329832077,"19":-0.03710171580314636,"20":-0.0890599712729454,"21":-0.08397247642278671,"22":-0.018387144431471825,"23":0.06960564851760864,"24":-0.1040368527173996,"25":-0.32001936435699463,"26":-0.11152394860982895,"27":-0.12078248709440231,"28":0.09768219292163849,"29":0.001807187800295651,"30":-0.050640590488910675,"31":0.02253173664212227,"32":-0.22035861015319824,"33":-0.038651373237371445,"34":0.002321128733456135,"35":0.09073545783758163,"36":0.06242093816399574,"37":-0.016542650759220123,"38":0.20491710305213928,"39":-0.039293572306632996,"40":-0.16040150821208954,"41":-0.020219406113028526,"42":0.004278726410120726,"43":0.22258922457695007,"44":0.131688192486763,"45":0.05003391578793526,"46":0.09812059998512268,"47":-0.03797474130988121,"48":0.015451471321284771,"49":-0.1436416059732437,"50":0.05146164819598198,"51":0.12423920631408691,"52":0.13156424462795258,"53":0.019860612228512764,"54":-0.036119602620601654,"55":-0.19299852848052979,"56":-0.024536270648241043,"57":0.09587457776069641,"58":-0.18620571494102478,"59":0.06829801946878433,"60":0.047910913825035095,"61":0.016296209767460823,"62":-0.05728670954704285,"63":0.0014327322132885456,"64":0.3691141903400421,"65":0.1407211869955063,"66":-0.16102521121501923,"67":-0.12578034400939941,"68":0.22694508731365204,"69":-0.1285277158021927,"70":-0.019742906093597412,"71":-0.03326752036809921,"72":-0.12720772624015808,"73":-0.20323395729064941,"74":-0.2782347500324249,"75":0.10860131680965424,"76":0.42645853757858276,"77":0.13698448240756989,"78":-0.24082256853580475,"79":0.0731014534831047,"80":-0.17135602235794067,"81":-0.05696311965584755,"82":0.034815799444913864,"83":0.08444343507289886,"84":-0.0608183816075325,"85":0.04513667896389961,"86":-0.0608045868575573,"87":-0.024052642285823822,"88":0.22229406237602234,"89":0.02347886748611927,"90":0.022083086892962456,"91":0.1806688755750656,"92":0.015524540096521378,"93":-0.017442645505070686,"94":-0.03648216277360916,"95":0.05969260260462761,"96":-0.033874064683914185,"97":-0.008336568251252174,"98":-0.09998000413179398,"99":-0.021566834300756454,"100":0.04756321758031845,"101":0.0017843259265646338,"102":0.04728475213050842,"103":0.15435820817947388,"104":-0.22981837391853333,"105":0.12968063354492188,"106":0.02903854101896286,"107":-0.046231772750616074,"108":0.006291672121733427,"109":0.13278023898601532,"110":-0.06317270547151566,"111":-0.16662034392356873,"112":0.15936709940433502,"113":-0.2883722484111786,"114":0.20305296778678894,"115":0.21985028684139252,"116":0.025019843131303787,"117":0.1769809126853943,"118":0.04717513918876648,"119":0.10998540371656418,"120":0.07135793566703796,"121":0.03580255061388016,"122":-0.11517108976840973,"123":-0.07747174054384232,"124":0.03397243842482567,"125":-0.06823074817657471,"126":0.05691433325409889,"127":0.12469340115785599}