{"0":-0.20726478099822998,"1":0.15735597908496857,"2":0.13066887855529785,"3":-0.021203311160206795,"4":-0.12988342344760895,"5":-0.1269877552986145,"6":-0.03169364482164383,"7":-0.15997907519340515,"8":0.08337998390197754,"9":-0.05766105651855469,"10":0.2707851827144623,"11":-0.024715838953852654,"12":-0.1591787338256836,"13":-0.17112408578395844,"14":-0.06163223087787628,"15":0.14260698854923248,"16":-0.20088061690330505,"17":-0.18823672831058502,"18":0.0034906151704490185,"19":-0.023139292374253273,"20":0.12369333207607269,"21":-0.01588761992752552,"22":0.03496966511011124,"23":-0.014716045930981636,"24":-0.08689486980438232,"25":-0.35297274589538574,"26":-0.07574416697025299,"27":-0.107801653444767,"28":0.11753084510564804,"29":-0.005306808743625879,"30":0.036764372140169144,"31":-0.009868055582046509,"32":-0.2663792669773102,"33":-0.09630398452281952,"34":-0.03554325923323631,"35":0.04855357110500336,"36":0.06536095589399338,"37":0.020521314814686775,"38":0.18023428320884705,"39":-0.09266921877861023,"40":-0.25214308500289917,"41":-0.006898346357047558,"42":0.04196620732545853,"43":0.20700907707214355,"44":0.12327412515878677,"45":0.043490663170814514,"46":0.05131720006465912,"47":-0.06737484782934189,"48":0.021240761503577232,"49":-0.1423090398311615,"50":0.03823809698224068,"51":0.15293265879154205,"52":0.13184741139411926,"53":-0.0018522415775805712,"54":0.0006744611309841275,"55":-0.15768884122371674,"56":-0.0025595100596547127,"57":0.08576668798923492,"58":-0.17276261746883392,"59":0.04734555259346962,"60":0.10870467871427536,"61":-0.05354685336351395,"62":-0.02124752849340439,"63":-0.05306702479720116,"64":0.2430455982685089,"65":0.02374792844057083,"66":-0.10469970107078552,"67":-0.1665327548980713,"68":0.1973928064107895,"69":-0.10442524403333664,"70":-0.06022624298930168,"71":0.06233377754688263,"72":-0.10101640224456787,"73":-0.12512816488742828,"74":-0.33747392892837524,"75":0.05933839827775955,"76":0.3815605938434601,"77":0.05077974125742912,"78":-0.21029236912727356,"79":0.03125829994678497,"80":-0.13272109627723694,"81":0.024529365822672844,"82":0.05655309557914734,"83":0.05187804251909256,"84":-0.03466450423002243,"85":0.04457142576575279,"86":-0.15954507887363434,"87":-0.04241006448864937,"88":0.1535399854183197,"89":-0.03504046052694321,"90":-0.017417704686522484,"91":0.19496259093284607,"92":0.007074309978634119,"93":0.054844461381435394,"94":0.003158337203785777,"95":0.06566927582025528,"96":-0.0725620836019516,"97":0.052837174385786057,"98":-0.11077184230089188,"99":0.04822905734181404,"100":0.028353722766041756,"101":-0.055469781160354614,"102":-0.03117210790514946,"103":0.13357128202915192,"104":-0.1282021403312683,"105":0.06750766932964325,"106":-0.01204635202884674,"107":0.02435261383652687,"108":-0.07951819896697998,"109":0.02402167022228241,"110":-0.08531832695007324,"111":-0.09344195574522018,"112":0.09776195138692856,"113":-0.1865006983280182,"114":0.2915502190589905,"115":0.2242852747440338,"116":-0.002449994208291173,"117":0.1503211110830307,"118":0.1559523344039917,"119":0.04530520737171173,"120":0.010989682748913765,"121":-0.03992879390716553,"122":-0.15814729034900665,"123":-0.08515407145023346,"124":0.07091869413852692,"125":-0.1389358639717102,"126":0.053911201655864716,"127":0.07593169063329697}