{"0":-0.11438513547182083,"1":0.05704744905233383,"2":0.08511526137590408,"3":-0.05312427505850792,"4":-0.11675165593624115,"5":0.023833921179175377,"6":-0.05780676007270813,"7":-0.15335988998413086,"8":0.1966637521982193,"9":-0.17213964462280273,"10":0.2376503199338913,"11":-0.09373199194669724,"12":-0.20289339125156403,"13":-0.05831838399171829,"14":-0.013030042871832848,"15":0.20430351793766022,"16":-0.22959762811660767,"17":-0.20662842690944672,"18":0.013861668296158314,"19":-0.03280314430594444,"20":0.05216917768120766,"21":-0.014661732129752636,"22":-0.0006578342290595174,"23":0.05268421769142151,"24":-0.2048899531364441,"25":-0.3731330335140228,"26":-0.077572762966156,"27":-0.1413499116897583,"28":-0.08023819327354431,"29":-0.057002946734428406,"30":-0.058456119149923325,"31":0.10108958929777145,"32":-0.218294158577919,"33":-0.01861320249736309,"34":-0.0033873494248837233,"35":0.18206219375133514,"36":-0.025555113330483437,"37":-0.058022890239953995,"38":0.1413118988275528,"39":-0.008138059638440609,"40":-0.29096201062202454,"41":-0.006511591840535402,"42":0.0638461709022522,"43":0.30993953347206116,"44":0.14240169525146484,"45":-0.013049484230577946,"46":-0.0437040850520134,"47":-0.03613106533885002,"48":0.07946589589118958,"49":-0.16302549839019775,"50":0.04563673958182335,"51":0.11413158476352692,"52":0.1231970265507698,"53":0.05918658897280693,"54":0.03515942394733429,"55":-0.14737986028194427,"56":0.021976012736558914,"57":0.030802132561802864,"58":-0.12339377403259277,"59":-0.032241273671388626,"60":0.09115543961524963,"61":-0.15170152485370636,"62":0.00819439347833395,"63":-0.13095639646053314,"64":0.31850576400756836,"65":0.13061508536338806,"66":-0.08878359198570251,"67":-0.1322309374809265,"68":0.13281065225601196,"69":-0.08544643223285675,"70":-0.1096562072634697,"71":0.03781813383102417,"72":-0.20230494439601898,"73":-0.15473714470863342,"74":-0.34921953082084656,"75":-0.02118455246090889,"76":0.3474586606025696,"77":0.036789219826459885,"78":-0.22739152610301971,"79":0.038890622556209564,"80":-0.0002637573634274304,"81":0.03352466970682144,"82":0.09562535583972931,"83":0.22703838348388672,"84":0.040736325085163116,"85":0.15680363774299622,"86":-0.0745803490281105,"87":0.027544688433408737,"88":0.20729847252368927,"89":-0.11278782039880753,"90":-0.035672321915626526,"91":0.19166876375675201,"92":-0.05332932621240616,"93":-0.019128289073705673,"94":0.07519485056400299,"95":-0.026526160538196564,"96":-0.047327060252428055,"97":0.009112635627388954,"98":-0.20195868611335754,"99":-0.02526155486702919,"100":0.009916991926729679,"101":-0.02582465298473835,"102":-0.05227832496166229,"103":0.10401202738285065,"104":-0.19985972344875336,"105":0.07170460373163223,"106":0.036632239818573,"107":-0.029653111472725868,"108":-0.01138824038207531,"109":-0.0036966055631637573,"110":-0.10278554260730743,"111":-0.10063515603542328,"112":0.16064244508743286,"113":-0.27937453985214233,"114":0.16368243098258972,"115":0.1721663624048233,"116":0.031291935592889786,"117":0.16820639371871948,"118":0.0569530613720417,"119":0.08033529669046402,"120":-0.07409553229808807,"121":0.01067628338932991,"122":-0.2047053873538971,"123":-0.007357369642704725,"124":0.1203278973698616,"125":-0.008127198554575443,"126":0.07024101167917252,"127":0.03581445664167404}