{"0":-0.19077926874160767,"1":0.08245207369327545,"2":0.09588046371936798,"3":-0.04225960373878479,"4":-0.17334458231925964,"5":-0.013569776900112629,"6":-0.06103464588522911,"7":-0.13884346187114716,"8":0.1380508542060852,"9":-0.11742285639047623,"10":0.224293053150177,"11":-0.10823000967502594,"12":-0.24697455763816833,"13":-0.11319655179977417,"14":-0.04311707243323326,"15":0.20984546840190887,"16":-0.21635186672210693,"17":-0.125579833984375,"18":-0.007569219451397657,"19":0.024813218042254448,"20":0.006197039969265461,"21":-0.06753519922494888,"22":0.06362424790859222,"23":0.06414594501256943,"24":-0.12369141727685928,"25":-0.4450376033782959,"26":-0.0352160781621933,"27":-0.12612012028694153,"28":-0.08899150788784027,"29":0.004625498317182064,"30":-0.13362717628479004,"31":0.07766735553741455,"32":-0.1913936287164688,"33":-0.11827099323272705,"34":0.007139282301068306,"35":0.1427321434020996,"36":-0.017089908942580223,"37":-0.04154757037758827,"38":0.15817801654338837,"39":-0.043878089636564255,"40":-0.3146561086177826,"41":-0.03586982935667038,"42":0.07554898411035538,"43":0.2656676173210144,"44":0.17117731273174286,"45":0.02411922998726368,"46":0.006424086634069681,"47":-0.06382642686367035,"48":0.1294817328453064,"49":-0.207265242934227,"50":0.039623159915208817,"51":0.14456318318843842,"52":0.09160887449979782,"53":-0.005089867860078812,"54":0.05887655168771744,"55":-0.15386351943016052,"56":-0.001158040831796825,"57":0.08604513853788376,"58":-0.09818516671657562,"59":-0.04536433145403862,"60":0.0926915630698204,"61":-0.08174795657396317,"62":0.03265831619501114,"63":-0.16206791996955872,"64":0.28242194652557373,"65":0.12063433974981308,"66":-0.10252610594034195,"67":-0.09525539726018906,"68":0.15153788030147552,"69":-0.049146708101034164,"70":-0.013885876163840294,"71":0.02952679991722107,"72":-0.19214151799678802,"73":-0.22559531033039093,"74":-0.3160233795642853,"75":0.009769607335329056,"76":0.36254116892814636,"77":0.15584765374660492,"78":-0.18500687181949615,"79":-0.023485299199819565,"80":-0.11522182077169418,"81":0.01449339184910059,"82":0.10433536022901535,"83":0.1963006854057312,"84":0.07696687430143356,"85":0.09327773749828339,"86":-0.06393898278474808,"87":-0.017756331712007523,"88":0.14439894258975983,"89":-0.10689328610897064,"90":-0.0030612638220191,"91":0.21507307887077332,"92":-0.004194567911326885,"93":0.007202841807156801,"94":0.020503612235188484,"95":-0.009940666146576405,"96":-0.12407416105270386,"97":0.06416060030460358,"98":-0.21183474361896515,"99":0.010805410332977772,"100":0.011480389162898064,"101":-0.04389748349785805,"102":0.040956124663352966,"103":0.07791780680418015,"104":-0.19894291460514069,"105":0.011326324194669724,"106":0.01791428215801716,"107":0.020234955474734306,"108":0.016887031495571136,"109":-0.034516457468271255,"110":-0.05747007206082344,"111":-0.10290568321943283,"112":0.11411765217781067,"113":-0.24248211085796356,"114":0.18374544382095337,"115":0.18292118608951569,"116":0.0246366485953331,"117":0.19940584897994995,"118":0.10273242741823196,"119":0.051276326179504395,"120":-0.0073516168631613255,"121":-0.03362283855676651,"122":-0.13521340489387512,"123":-0.020957769826054573,"124":0.12461714446544647,"125":-0.023777339607477188,"126":0.07392319291830063,"127":0.028246035799384117}