{"0":-0.1723920851945877,"1":0.02149254083633423,"2":0.06873925775289536,"3":-0.07928158342838287,"4":-0.09722015261650085,"5":-0.04767347127199173,"6":0.03772713616490364,"7":-0.1628582775592804,"8":0.08267980813980103,"9":-0.06828224658966064,"10":0.2638190686702728,"11":-0.05408933758735657,"12":-0.1997823864221573,"13":-0.10731007903814316,"14":-0.0026956486981362104,"15":0.14837630093097687,"16":-0.12204606831073761,"17":-0.09670504927635193,"18":-0.09640324860811234,"19":-0.11868336796760559,"20":-0.033362433314323425,"21":-0.0920037105679512,"22":0.0031686676666140556,"23":0.06273156404495239,"24":-0.11781910806894302,"25":-0.27200618386268616,"26":-0.09117816388607025,"27":-0.0797770768404007,"28":-0.05979755520820618,"29":-0.08932619541883469,"30":-0.0366574190557003,"31":0.03556637465953827,"32":-0.24884293973445892,"33":-0.1309315711259842,"34":-0.012738882564008236,"35":0.08694419264793396,"36":0.03157822787761688,"37":-0.02739194966852665,"38":0.12908682227134705,"39":0.0399625338613987,"40":-0.12495438009500504,"41":0.02507658675312996,"42":0.08323744684457779,"43":0.2292146533727646,"44":0.17212139070034027,"45":0.0660054087638855,"46":-0.00506228394806385,"47":-0.02655632421374321,"48":0.12121294438838959,"49":-0.24780358374118805,"50":0.029316481202840805,"51":0.04692140594124794,"52":0.11903255432844162,"53":0.0027779776137322187,"54":0.011118117719888687,"55":-0.13209563493728638,"56":0.036907147616147995,"57":0.08383845537900925,"58":-0.13930074870586395,"59":0.02240629307925701,"60":0.02507481724023819,"61":-0.09214441478252411,"62":-0.0328337661921978,"63":-0.019075337797403336,"64":0.24450917541980743,"65":0.13053850829601288,"66":-0.08893902599811554,"67":-0.06234819442033768,"68":0.10637765377759933,"69":-0.04613437503576279,"70":-0.03129707649350166,"71":0.014623990282416344,"72":-0.13244891166687012,"73":-0.14939117431640625,"74":-0.3373832106590271,"75":0.12253432720899582,"76":0.45779865980148315,"77":0.09731358289718628,"78":-0.1755581945180893,"79":-0.017500925809144974,"80":-0.18645016849040985,"81":0.010581208392977715,"82":0.04822481796145439,"83":0.015550505369901657,"84":-0.04957050830125809,"85":0.005698515567928553,"86":-0.08838386088609695,"87":0.029720893129706383,"88":0.18126021325588226,"89":-0.02012019231915474,"90":-0.024883050471544266,"91":0.20684437453746796,"92":-0.033528994768857956,"93":0.04246966913342476,"94":-0.0009052198147401214,"95":0.049818575382232666,"96":-0.11216334998607635,"97":0.013324405997991562,"98":-0.08725649118423462,"99":-0.048292290419340134,"100":0.07297652214765549,"101":-0.060540858656167984,"102":0.06594077497720718,"103":0.10818038880825043,"104":-0.29652494192123413,"105":0.07017264515161514,"106":-0.025049585849046707,"107":-0.04219290614128113,"108":-0.01382314320653677,"109":-0.0029601568821817636,"110":-0.04884503409266472,"111":-0.019994575530290604,"112":0.07799195498228073,"113":-0.27558809518814087,"114":0.1586572527885437,"115":0.251754492521286,"116":-0.02838986925780773,"117":0.12811559438705444,"118":0.08222997188568115,"119":-0.012994648888707161,"120":0.00458069983869791,"121":0.019480278715491295,"122":-0.07006251811981201,"123":-0.05045171454548836,"124":0.08796494454145432,"125":-0.013918206095695496,"126":0.07523005455732346,"127":0.04253416135907173}