{"0":-0.1893448531627655,"1":0.09663422405719757,"2":0.06281734257936478,"3":-0.03177899494767189,"4":-0.11901454627513885,"5":-0.0445537343621254,"6":-0.06305548548698425,"7":-0.1782030165195465,"8":0.1818235218524933,"9":-0.08462148904800415,"10":0.18915820121765137,"11":-0.0726061686873436,"12":-0.17733213305473328,"13":-0.1357118785381317,"14":-0.046049706637859344,"15":0.2096565067768097,"16":-0.1954493373632431,"17":-0.17101247608661652,"18":-0.022847309708595276,"19":-0.006941273342818022,"20":0.03957309201359749,"21":-0.04257504642009735,"22":0.09230577200651169,"23":0.15472234785556793,"24":-0.12788301706314087,"25":-0.40160471200942993,"26":-0.10025887191295624,"27":-0.18725621700286865,"28":-0.024123426526784897,"29":-0.009843134321272373,"30":-0.11012524366378784,"31":0.005623908713459969,"32":-0.2260383665561676,"33":-0.07041026651859283,"34":-0.025067327544093132,"35":0.11477553099393845,"36":-0.014112292788922787,"37":-0.0719277486205101,"38":0.13042810559272766,"39":-0.028819985687732697,"40":-0.28988438844680786,"41":-0.03554300591349602,"42":0.040557172149419785,"43":0.24337118864059448,"44":0.2236531674861908,"45":0.03168423846364021,"46":0.03169246390461922,"47":-0.11167380213737488,"48":0.07260120660066605,"49":-0.13170239329338074,"50":0.025801807641983032,"51":0.15773648023605347,"52":0.052847620099782944,"53":-0.021777000278234482,"54":0.040983788669109344,"55":-0.1453976035118103,"56":0.02103854902088642,"57":0.031043825671076775,"58":-0.183201402425766,"59":-0.05400237441062927,"60":0.05590945854783058,"61":-0.0432254895567894,"62":-0.06033395603299141,"63":-0.11319784075021744,"64":0.2598070800304413,"65":0.12725485861301422,"66":-0.0966232568025589,"67":-0.16237086057662964,"68":0.23185867071151733,"69":-0.16328907012939453,"70":-0.014869376085698605,"71":0.07386568933725357,"72":-0.18143630027770996,"73":-0.23370462656021118,"74":-0.35217270255088806,"75":0.0004736506671179086,"76":0.43370911478996277,"77":0.15779151022434235,"78":-0.18007205426692963,"79":0.05338413268327713,"80":-0.12329937517642975,"81":0.020846255123615265,"82":0.03772852197289467,"83":0.18292595446109772,"84":-0.005510334391146898,"85":0.1201166957616806,"86":-0.129632368683815,"87":0.002502375515177846,"88":0.10107343643903732,"89":-0.07025115191936493,"90":0.01875901222229004,"91":0.21820256114006042,"92":0.01163127925246954,"93":-0.03716709464788437,"94":0.04718025028705597,"95":0.05025094747543335,"96":-0.1265895962715149,"97":0.048724640160799026,"98":-0.1992845982313156,"99":-0.049604929983615875,"100":0.03637681156396866,"101":0.013550612144172192,"102":0.026206258684396744,"103":0.08952534943819046,"104":-0.1797208935022354,"105":0.05929011479020119,"106":0.026187250390648842,"107":-0.056687891483306885,"108":-0.041856471449136734,"109":-0.01766265742480755,"110":-0.10355035215616226,"111":-0.12744148075580597,"112":0.13904434442520142,"113":-0.22253091633319855,"114":0.11488600075244904,"115":0.17719127237796783,"116":0.06087349355220795,"117":0.186690092086792,"118":0.08253221213817596,"119":0.12181656807661057,"120":-0.06414108723402023,"121":-0.049677375704050064,"122":-0.17457552254199982,"123":0.004323715344071388,"124":0.09212315827608109,"125":-0.05313246324658394,"126":0.06584833562374115,"127":0.05088350176811218}