{"0":-0.19645053148269653,"1":0.077544666826725,"2":0.10396380722522736,"3":-0.05726931244134903,"4":-0.11946865171194077,"5":-0.07826078683137894,"6":0.025388821959495544,"7":-0.15308988094329834,"8":0.13084445893764496,"9":-0.11401066184043884,"10":0.29210376739501953,"11":-0.08447732031345367,"12":-0.18744318187236786,"13":-0.08256367594003677,"14":-0.041371721774339676,"15":0.25487518310546875,"16":-0.12395359575748444,"17":-0.09056390821933746,"18":-0.032795876264572144,"19":-0.0858483761548996,"20":0.10543905943632126,"21":-0.046490177512168884,"22":0.03093808889389038,"23":0.15476572513580322,"24":-0.11768604815006256,"25":-0.34460365772247314,"26":-0.11932504922151566,"27":-0.18401575088500977,"28":0.063479483127594,"29":-0.03694987669587135,"30":-0.07263731211423874,"31":0.030890537425875664,"32":-0.18357329070568085,"33":-0.047448527067899704,"34":0.0013811904937028885,"35":-0.0051606036722660065,"36":-0.03565407171845436,"37":-0.07168808579444885,"38":0.16003020107746124,"39":-0.05466784909367561,"40":-0.24712291359901428,"41":-0.054374027997255325,"42":0.08462853729724884,"43":0.20703339576721191,"44":0.1269221156835556,"45":0.006430205889046192,"46":0.07853568345308304,"47":-0.12368259578943253,"48":0.0351024866104126,"49":-0.16575177013874054,"50":0.02082810178399086,"51":0.08519865572452545,"52":0.06843635439872742,"53":0.05776586756110191,"54":-0.00034837264684028924,"55":-0.19253012537956238,"56":0.011704136617481709,"57":0.05798019468784332,"58":-0.2025645524263382,"59":0.026958968490362167,"60":0.041317109018564224,"61":-0.07423094660043716,"62":-0.08783090859651566,"63":-0.07809416204690933,"64":0.3027138411998749,"65":0.13887077569961548,"66":-0.18607784807682037,"67":-0.07537872344255447,"68":0.20862068235874176,"69":-0.13801607489585876,"70":0.0540529265999794,"71":0.03340858966112137,"72":-0.17909659445285797,"73":-0.21489360928535461,"74":-0.29124489426612854,"75":0.031081033870577812,"76":0.43334969878196716,"77":0.15479664504528046,"78":-0.19890494644641876,"79":0.03000766970217228,"80":-0.17516997456550598,"81":0.04580525681376457,"82":0.06174655258655548,"83":0.17935509979724884,"84":-0.023633725941181183,"85":0.06111359968781471,"86":-0.02705244906246662,"87":0.024326590821146965,"88":0.08952078968286514,"89":-0.1047985851764679,"90":0.05493820831179619,"91":0.29530632495880127,"92":0.005648497026413679,"93":0.03301233425736427,"94":-0.0187928956001997,"95":0.05922369286417961,"96":-0.14476551115512848,"97":-0.060319866985082626,"98":-0.08946726471185684,"99":-0.03310221806168556,"100":-0.05256647989153862,"101":-0.022354425862431526,"102":0.04244522750377655,"103":0.09566786885261536,"104":-0.22692765295505524,"105":0.1236933022737503,"106":0.037032075226306915,"107":-0.011349104344844818,"108":-0.041343655437231064,"109":0.038098741322755814,"110":-0.056723110377788544,"111":-0.1270057111978531,"112":0.07341491430997849,"113":-0.178379625082016,"114":0.1534990668296814,"115":0.2078712433576584,"116":0.05556774139404297,"117":0.18802477419376373,"118":0.10547355562448502,"119":0.07441217452287674,"120":-0.007687595207244158,"121":-0.0972253680229187,"122":-0.14088425040245056,"123":0.07302945107221603,"124":0.15251828730106354,"125":-0.12401891499757767,"126":0.020493853837251663,"127":-0.00651576230302453}