{"0":-0.17727439105510712,"1":0.08009465038776398,"2":0.03626067191362381,"3":-0.11570378392934799,"4":-0.11398600786924362,"5":-0.07375501841306686,"6":0.021159792318940163,"7":-0.19480550289154053,"8":0.11780655384063721,"9":-0.06824545562267303,"10":0.25274330377578735,"11":-0.05293945223093033,"12":-0.19071592390537262,"13":-0.1341065764427185,"14":-0.005788533482700586,"15":0.12337130308151245,"16":-0.158156156539917,"17":-0.11723882704973221,"18":-0.04731063172221184,"19":-0.08595383912324905,"20":-0.03322436660528183,"21":-0.07400058954954147,"22":0.044629618525505066,"23":0.11712028086185455,"24":-0.0967547819018364,"25":-0.30564647912979126,"26":-0.11249508708715439,"27":-0.12158508598804474,"28":-0.03588667884469032,"29":-0.02508736215531826,"30":-0.03866525739431381,"31":0.05006721615791321,"32":-0.24679447710514069,"33":-0.12540309131145477,"34":-0.016478341072797775,"35":0.08089311420917511,"36":0.008330903947353363,"37":-0.01754799485206604,"38":0.1483617126941681,"39":0.03274478018283844,"40":-0.18184973299503326,"41":0.028972599655389786,"42":0.02602177858352661,"43":0.26526954770088196,"44":0.16562461853027344,"45":0.03946629911661148,"46":-0.012967118993401527,"47":-0.0015182355418801308,"48":0.11035028100013733,"49":-0.20325158536434174,"50":0.0815756544470787,"51":0.07828094810247421,"52":0.1558481752872467,"53":-0.05522893741726875,"54":0.03828733414411545,"55":-0.16089415550231934,"56":0.05002063512802124,"57":0.1045975610613823,"58":-0.1830311268568039,"59":-0.013384305872023106,"60":0.04014529287815094,"61":-0.10326166450977325,"62":0.008455500937998295,"63":-0.0053693209774792194,"64":0.2944153845310211,"65":0.18396589159965515,"66":-0.08906272053718567,"67":-0.08380038291215897,"68":0.12744669616222382,"69":-0.06594685465097427,"70":0.004212822765111923,"71":0.04981902986764908,"72":-0.13258767127990723,"73":-0.14494599401950836,"74":-0.30948129296302795,"75":0.13593903183937073,"76":0.41157737374305725,"77":0.10559169948101044,"78":-0.19683244824409485,"79":-0.020030666142702103,"80":-0.18593111634254456,"81":0.04387274384498596,"82":0.09070303291082382,"83":0.04541870951652527,"84":-0.08853096514940262,"85":0.009454336948692799,"86":-0.1343204528093338,"87":-0.04880818352103233,"88":0.12645584344863892,"89":-0.016497252508997917,"90":-0.061718620359897614,"91":0.25266093015670776,"92":-0.026043184101581573,"93":0.022268053144216537,"94":0.047676291316747665,"95":0.00039912262582220137,"96":-0.12289561331272125,"97":0.012853135354816914,"98":-0.08779236674308777,"99":-0.011748376302421093,"100":0.05195312201976776,"101":-0.08058041334152222,"102":0.0035087098367512226,"103":0.11673425883054733,"104":-0.27974778413772583,"105":0.024166693910956383,"106":-0.031234847381711006,"107":-0.03694548085331917,"108":-0.04217435047030449,"109":-0.02458048053085804,"110":-0.05243659391999245,"111":-0.07892341166734695,"112":0.07078922539949417,"113":-0.3127436935901642,"114":0.17189893126487732,"115":0.18658983707427979,"116":-0.03443339467048645,"117":0.1796216368675232,"118":0.08699043095111847,"119":-0.02135433442890644,"120":-0.005948512814939022,"121":-0.029929185286164284,"122":-0.06942284107208252,"123":-0.028258349746465683,"124":0.15866835415363312,"125":-0.04503187909722328,"126":0.08764516562223434,"127":0.03359224274754524}