{"0":-0.216000497341156,"1":0.15858033299446106,"2":0.07939736545085907,"3":0.04441297799348831,"4":0.021332329139113426,"5":-0.0015736946370452642,"6":0.098582424223423,"7":-0.06267406791448593,"8":0.1530359387397766,"9":-0.006490088999271393,"10":0.20261597633361816,"11":-0.03139336407184601,"12":-0.15521226823329926,"13":-0.15024825930595398,"14":0.010536208748817444,"15":0.11358354240655899,"16":-0.14061053097248077,"17":-0.083982452750206,"18":-0.06983731687068939,"19":-0.10080565512180328,"20":0.06223810091614723,"21":-0.03150203078985214,"22":-0.03595450893044472,"23":0.0979941263794899,"24":-0.10405479371547699,"25":-0.3207038342952728,"26":-0.03712242841720581,"27":-0.1506907194852829,"28":0.044260360300540924,"29":-0.08000130951404572,"30":-0.032223526388406754,"31":0.027807490900158882,"32":-0.2038908153772354,"33":-0.05485161766409874,"34":-0.056439753621816635,"35":0.017538871616125107,"36":-0.0032603000290691853,"37":0.038990262895822525,"38":0.16345806419849396,"39":0.004077588673681021,"40":-0.12351334095001221,"41":0.012256179936230183,"42":0.006844251416623592,"43":0.3324649930000305,"44":0.14414918422698975,"45":0.04522312059998512,"46":-0.010923630557954311,"47":0.023932550102472305,"48":0.06260151416063309,"49":-0.17603307962417603,"50":-0.03928893804550171,"51":0.16683819890022278,"52":0.10500846803188324,"53":0.05769983306527138,"54":-0.011722901836037636,"55":-0.1538970172405243,"56":-0.019952094182372093,"57":-0.035875413566827774,"58":-0.15561418235301971,"59":0.06755265593528748,"60":0.0027675828896462917,"61":-0.16098330914974213,"62":-0.06103982403874397,"63":-0.002046292880550027,"64":0.2540336549282074,"65":0.06568682938814163,"66":-0.1229698583483696,"67":-0.11356253176927567,"68":0.08218979090452194,"69":-0.14781545102596283,"70":0.05025554820895195,"71":0.04974677413702011,"72":-0.11807012557983398,"73":-0.1784595102071762,"74":-0.28408220410346985,"75":0.20346753299236298,"76":0.41034117341041565,"77":0.14849671721458435,"78":-0.20482181012630463,"79":0.011008180677890778,"80":-0.18538567423820496,"81":0.03143246844410896,"82":0.1033371165394783,"83":0.1413506716489792,"84":-0.09660935401916504,"85":0.03645356744527817,"86":-0.09925631433725357,"87":0.0015794953797012568,"88":0.08964940905570984,"89":-0.003067171201109886,"90":-0.04607956111431122,"91":0.19484783709049225,"92":0.004214312881231308,"93":0.0009427348268218338,"94":-0.045475494116544724,"95":-0.05011265352368355,"96":-0.10069622099399567,"97":-0.005593986716121435,"98":-0.06214781105518341,"99":-0.01614605449140072,"100":0.024330152198672295,"101":-0.06539486348628998,"102":0.04823445528745651,"103":0.10138176381587982,"104":-0.19842398166656494,"105":0.08431505411863327,"106":0.024545881897211075,"107":-0.013106078840792179,"108":-0.014474024064838886,"109":0.07785240560770035,"110":-0.12991638481616974,"111":-0.10138708353042603,"112":0.07221905887126923,"113":-0.23875679075717926,"114":0.1743856817483902,"115":0.20970410108566284,"116":0.013281554915010929,"117":0.16310258209705353,"118":0.09740857779979706,"119":0.09542452543973923,"120":-0.008439560420811176,"121":0.06535112112760544,"122":-0.035421062260866165,"123":0.003469763556495309,"124":0.1263585388660431,"125":-0.013206550851464272,"126":0.043283458799123764,"127":-0.04426974058151245}