{"0":-0.13165707886219025,"1":-0.024669336155056953,"2":0.033847060054540634,"3":-0.10435672849416733,"4":-0.07083728164434433,"5":-0.03025054931640625,"6":0.046914685517549515,"7":-0.0477600172162056,"8":0.2205924689769745,"9":-0.14907808601856232,"10":0.27636122703552246,"11":-0.07182012498378754,"12":-0.26461732387542725,"13":-0.014566917903721333,"14":-0.025092419236898422,"15":0.17757456004619598,"16":-0.28115272521972656,"17":-0.08091651648283005,"18":-0.004992508329451084,"19":-0.05034599453210831,"20":0.05852383375167847,"21":0.016346260905265808,"22":0.035157281905412674,"23":0.12585723400115967,"24":-0.11948050558567047,"25":-0.4021156132221222,"26":-0.09841395914554596,"27":-0.13443589210510254,"28":-0.09142941981554031,"29":-0.050802744925022125,"30":0.014699654653668404,"31":0.09961776435375214,"32":-0.22480009496212006,"33":-0.021550307050347328,"34":-0.015747126191854477,"35":0.06280682981014252,"36":-0.03840118274092674,"37":-0.07494773715734482,"38":0.1850002557039261,"39":0.06735847145318985,"40":-0.21207468211650848,"41":-0.06689254194498062,"42":0.056114740669727325,"43":0.2516592741012573,"44":0.1279219686985016,"45":0.04915069043636322,"46":-0.026677649468183517,"47":-0.06660892814397812,"48":0.023767340928316116,"49":-0.31471994519233704,"50":-0.0007530617294833064,"51":0.15272299945354462,"52":0.08315320312976837,"53":0.010416651144623756,"54":0.0063916463404893875,"55":-0.1928948014974594,"56":0.0036927221808582544,"57":0.018515588715672493,"58":-0.162063330411911,"59":0.00521116703748703,"60":-0.0035893223248422146,"61":-0.11800017207860947,"62":0.002813034225255251,"63":-0.07054964452981949,"64":0.2821715772151947,"65":0.10994327068328857,"66":-0.1800968050956726,"67":-0.0694219172000885,"68":0.1437036544084549,"69":-0.15342643857002258,"70":-0.0512978695333004,"71":0.07520740479230881,"72":-0.1416679173707962,"73":-0.2730426490306854,"74":-0.33931511640548706,"75":0.016658836975693703,"76":0.44243094325065613,"77":0.11274470388889313,"78":-0.15724004805088043,"79":0.016123734414577484,"80":-0.17690309882164001,"81":-0.007740830071270466,"82":0.055344823747873306,"83":0.22452518343925476,"84":0.010700609534978867,"85":0.029066795483231544,"86":-0.09730208665132523,"87":0.021931156516075134,"88":0.1224658191204071,"89":-0.08031941950321198,"90":-0.06178783252835274,"91":0.24434444308280945,"92":-0.041302379220724106,"93":0.037607498466968536,"94":0.008802663534879684,"95":0.04977944865822792,"96":-0.09454189985990524,"97":-0.014745572581887245,"98":-0.11828581243753433,"99":-0.005290564149618149,"100":-0.02266927808523178,"101":-0.044760096818208694,"102":-0.054031822830438614,"103":0.11979345977306366,"104":-0.23937802016735077,"105":0.08390968292951584,"106":-0.00358811323530972,"107":-0.15565234422683716,"108":0.005228653084486723,"109":0.011618535965681076,"110":-0.08128897100687027,"111":-0.10540297627449036,"112":0.09686499089002609,"113":-0.330204576253891,"114":0.11561989039182663,"115":0.23978765308856964,"116":-0.009261510334908962,"117":0.27337127923965454,"118":0.02084413915872574,"119":0.11184591054916382,"120":-0.06853774935007095,"121":-0.046656519174575806,"122":-0.18790245056152344,"123":-0.028501302003860474,"124":0.04146861284971237,"125":0.04019768908619881,"126":0.03198258578777313,"127":-0.03353000059723854}