{"0":-0.1617078185081482,"1":0.032820794731378555,"2":0.07261248677968979,"3":-0.054805826395750046,"4":-0.057371120899915695,"5":-0.07015929371118546,"6":0.06131048873066902,"7":-0.1045842170715332,"8":0.20205433666706085,"9":-0.13369350135326385,"10":0.30934938788414,"11":-0.1128741055727005,"12":-0.21030831336975098,"13":-0.06104162707924843,"14":-0.04753014072775841,"15":0.2144206464290619,"16":-0.2953164577484131,"17":-0.1326276659965515,"18":-0.055161841213703156,"19":-0.06661659479141235,"20":0.007379612885415554,"21":-0.03529129922389984,"22":0.01886473223567009,"23":0.13624173402786255,"24":-0.15841509401798248,"25":-0.3938803970813751,"26":-0.0615277923643589,"27":-0.15000776946544647,"28":-0.07096908986568451,"29":-0.05490141734480858,"30":0.019648319110274315,"31":0.17881418764591217,"32":-0.26458480954170227,"33":-0.02981683425605297,"34":-0.04463344067335129,"35":0.010554359294474125,"36":-0.012372497469186783,"37":-0.0357966348528862,"38":0.2198312133550644,"39":0.014250309206545353,"40":-0.21011535823345184,"41":-0.03753332048654556,"42":0.027613889425992966,"43":0.26129016280174255,"44":0.09565224498510361,"45":-0.061885952949523926,"46":-0.015424659475684166,"47":-0.04338124766945839,"48":0.012720085680484772,"49":-0.2484506368637085,"50":-0.04241517186164856,"51":0.17639395594596863,"52":0.0825914517045021,"53":0.031209517270326614,"54":-0.03180990740656853,"55":-0.13694502413272858,"56":-0.013395925983786583,"57":0.0011736248852685094,"58":-0.1646023988723755,"59":-0.011080926284193993,"60":0.006091773044317961,"61":-0.12002775073051453,"62":-0.06158076599240303,"63":-0.08194482326507568,"64":0.26630571484565735,"65":0.1154448390007019,"66":-0.1590498387813568,"67":-0.08159124851226807,"68":0.14912737905979156,"69":-0.10326475650072098,"70":0.00486886827275157,"71":0.07803477346897125,"72":-0.1331896036863327,"73":-0.251789391040802,"74":-0.32677021622657776,"75":0.02858203835785389,"76":0.4051745533943176,"77":0.08321674168109894,"78":-0.22062525153160095,"79":0.040039245039224625,"80":-0.19055098295211792,"81":-0.03457736223936081,"82":0.026501324027776718,"83":0.20161564648151398,"84":-0.023600034415721893,"85":0.11708065122365952,"86":-0.06281286478042603,"87":0.06898154318332672,"88":0.08484052121639252,"89":-0.025773074477910995,"90":-0.06922563910484314,"91":0.28013312816619873,"92":-0.014086105860769749,"93":-0.004271840676665306,"94":0.0407797247171402,"95":-0.001448481110855937,"96":-0.04576811566948891,"97":-0.06626874953508377,"98":-0.13616757094860077,"99":0.011395859532058239,"100":-0.019696570932865143,"101":-0.003792771138250828,"102":-0.08240377902984619,"103":0.07537512481212616,"104":-0.1653515249490738,"105":0.10499699413776398,"106":0.03074793331325054,"107":-0.07390332221984863,"108":-0.031331852078437805,"109":0.04286200553178787,"110":-0.06816057115793228,"111":-0.13252364099025726,"112":0.08970814198255539,"113":-0.2923780679702759,"114":0.09014613926410675,"115":0.1668294072151184,"116":-0.01038395892828703,"117":0.22717158496379852,"118":0.02932148054242134,"119":0.07062586396932602,"120":-0.08925105631351471,"121":-0.027680756524205208,"122":-0.13789506256580353,"123":0.0006621797801926732,"124":0.1336243748664856,"125":-0.00660954462364316,"126":0.05694294348359108,"127":-0.031072232872247696}