{"0":-0.10664006322622299,"1":0.03812096640467644,"2":0.04189272224903107,"3":-0.1199369728565216,"4":-0.033591482788324356,"5":-0.00096115906490013,"6":-0.01721828430891037,"7":-0.14570999145507812,"8":0.16127070784568787,"9":-0.18923324346542358,"10":0.262947142124176,"11":-0.14555151760578156,"12":-0.2847136855125427,"13":-0.0487535297870636,"14":-0.0807088240981102,"15":0.2138250321149826,"16":-0.2935463488101959,"17":-0.11497025936841965,"18":0.010239770635962486,"19":-0.05092941224575043,"20":0.042671024799346924,"21":-0.01936362124979496,"22":0.02456034906208515,"23":0.09071735292673111,"24":-0.16277693212032318,"25":-0.4027756452560425,"26":-0.13167741894721985,"27":-0.13012878596782684,"28":-0.08767727017402649,"29":-0.0834590420126915,"30":0.00767633318901062,"31":0.10367675125598907,"32":-0.241860494017601,"33":0.02759271115064621,"34":-0.06093965470790863,"35":0.04861108586192131,"36":-0.009376265108585358,"37":-0.09420256316661835,"38":0.17213012278079987,"39":0.053244780749082565,"40":-0.17714472115039825,"41":-0.04835912212729454,"42":0.00838444009423256,"43":0.22821184992790222,"44":0.10459419339895248,"45":-0.00006472680252045393,"46":-0.033056970685720444,"47":-0.04110744968056679,"48":0.03401598706841469,"49":-0.25847479701042175,"50":-0.024550214409828186,"51":0.1367688626050949,"52":0.03700696676969528,"53":0.028999395668506622,"54":-0.029280154034495354,"55":-0.14525653421878815,"56":0.017719630151987076,"57":0.05282416567206383,"58":-0.16879384219646454,"59":-0.03168705850839615,"60":0.003034041030332446,"61":-0.11236792057752609,"62":-0.005203432869166136,"63":-0.043540023267269135,"64":0.25013497471809387,"65":0.12170962989330292,"66":-0.16399456560611725,"67":-0.04476316273212433,"68":0.139311745762825,"69":-0.11056715250015259,"70":0.04422282055020332,"71":0.0338752306997776,"72":-0.13666504621505737,"73":-0.24816672503948212,"74":-0.2666046917438507,"75":0.032176245003938675,"76":0.3980083763599396,"77":0.09165790677070618,"78":-0.1644708514213562,"79":0.010560975410044193,"80":-0.10421405732631683,"81":-0.029653750360012054,"82":0.11483195424079895,"83":0.18514318764209747,"84":0.018132921308279037,"85":0.04437634348869324,"86":-0.05902460962533951,"87":0.06740521639585495,"88":0.1260170191526413,"89":-0.07254935055971146,"90":-0.050296057015657425,"91":0.25813648104667664,"92":-0.09215901046991348,"93":0.04945293441414833,"94":0.032927826046943665,"95":0.018238112330436707,"96":-0.08278322219848633,"97":-0.006316101178526878,"98":-0.07238063216209412,"99":0.05840989947319031,"100":-0.02451200783252716,"101":-0.028720874339342117,"102":-0.1046116054058075,"103":0.09186451137065887,"104":-0.12305350601673126,"105":0.09489862620830536,"106":0.019781138747930527,"107":-0.11279000341892242,"108":-0.025793835520744324,"109":-0.022211022675037384,"110":-0.08537717908620834,"111":-0.10201946645975113,"112":0.11957990378141403,"113":-0.295867919921875,"114":0.0982341542840004,"115":0.20539094507694244,"116":-0.055632397532463074,"117":0.22842861711978912,"118":0.03472490236163139,"119":0.08934083580970764,"120":-0.05677773803472519,"121":-0.048072490841150284,"122":-0.20417757332324982,"123":-0.026333298534154892,"124":0.13219772279262543,"125":-0.00939254928380251,"126":0.044352855533361435,"127":-0.09271527826786041}