{"0":-0.13154475390911102,"1":0.054499268531799316,"2":0.06561465561389923,"3":-0.07724926620721817,"4":-0.11470811069011688,"5":-0.11299963295459747,"6":-0.017769869416952133,"7":-0.19339360296726227,"8":0.2087881863117218,"9":-0.13147975504398346,"10":0.2568868398666382,"11":-0.06576912105083466,"12":-0.17553262412548065,"13":-0.11344288289546967,"14":0.0014197890413925052,"15":0.20232535898685455,"16":-0.24006617069244385,"17":-0.15814578533172607,"18":-0.036048371344804764,"19":0.0183750931173563,"20":0.010547254234552383,"21":-0.03752858191728592,"22":0.02966257743537426,"23":0.09763693064451218,"24":-0.08399277925491333,"25":-0.3823688328266144,"26":-0.14225198328495026,"27":-0.10993675887584686,"28":0.02862054668366909,"29":-0.010083633475005627,"30":-0.03907514363527298,"31":0.048265330493450165,"32":-0.23324795067310333,"33":-0.11599896103143692,"34":-0.0007277932018041611,"35":0.07024415582418442,"36":-0.0065151178278028965,"37":-0.13117124140262604,"38":0.15184102952480316,"39":-0.09141447395086288,"40":-0.3024338483810425,"41":-0.06951110810041428,"42":0.0392761193215847,"43":0.21319064497947693,"44":0.15880849957466125,"45":0.0014083610149100423,"46":0.0010970646981149912,"47":-0.06102629378437996,"48":0.08532821387052536,"49":-0.20055784285068512,"50":-0.03557714447379112,"51":0.12072473764419556,"52":0.061631664633750916,"53":0.020320098847150803,"54":-0.03787403553724289,"55":-0.16563838720321655,"56":0.055288445204496384,"57":0.08629978448152542,"58":-0.20759646594524384,"59":-0.0615711472928524,"60":0.0483618900179863,"61":-0.07677870988845825,"62":0.01210628543049097,"63":-0.04337725415825844,"64":0.2675074636936188,"65":0.08865376561880112,"66":-0.14208269119262695,"67":-0.09310728311538696,"68":0.1385706663131714,"69":-0.1732206493616104,"70":0.029719535261392593,"71":0.033928219228982925,"72":-0.17755374312400818,"73":-0.26716405153274536,"74":-0.3533128798007965,"75":-0.01984335668385029,"76":0.43418166041374207,"77":0.12042613327503204,"78":-0.1729874610900879,"79":0.03732284530997276,"80":-0.11533773690462112,"81":0.03024662472307682,"82":0.06824884563684464,"83":0.1697016954421997,"84":-0.0014653984690085053,"85":0.1258263736963272,"86":-0.12524105608463287,"87":0.004085595719516277,"88":0.18549373745918274,"89":-0.08040820062160492,"90":0.007292766589671373,"91":0.2994849979877472,"92":-0.012221826240420341,"93":0.02873219922184944,"94":0.02228301391005516,"95":0.055000778287649155,"96":-0.015455318614840508,"97":-0.006300034001469612,"98":-0.13181522488594055,"99":0.052455026656389236,"100":0.0503578744828701,"101":-0.005721800960600376,"102":-0.006382052320986986,"103":0.13042069971561432,"104":-0.18499545753002167,"105":0.09488578885793686,"106":0.05218597874045372,"107":0.014977917075157166,"108":-0.007741663139313459,"109":-0.018864383921027184,"110":-0.0559089332818985,"111":-0.18048827350139618,"112":0.13282369077205658,"113":-0.20916220545768738,"114":0.1243538185954094,"115":0.2330779880285263,"116":0.014970138669013977,"117":0.21366652846336365,"118":0.03618457540869713,"119":0.06557755172252655,"120":-0.05430282652378082,"121":-0.07607731223106384,"122":-0.1481376439332962,"123":0.0037634805776178837,"124":0.0976526066660881,"125":-0.0494873933494091,"126":0.0736326053738594,"127":0.018829770386219025}