{"0":-0.15317223966121674,"1":0.0502968356013298,"2":0.07909346371889114,"3":-0.08660057187080383,"4":-0.09013203531503677,"5":-0.07145515084266663,"6":0.038134895265102386,"7":-0.19715812802314758,"8":0.18088988959789276,"9":-0.12906824052333832,"10":0.25557419657707214,"11":-0.10357412695884705,"12":-0.19438773393630981,"13":-0.06522741913795471,"14":-0.002287314273416996,"15":0.1662779599428177,"16":-0.2109103947877884,"17":-0.1210874691605568,"18":-0.011482041329145432,"19":-0.020411508157849312,"20":-0.006650967989116907,"21":-0.03869285434484482,"22":0.029412860050797462,"23":0.052324820309877396,"24":-0.07778018712997437,"25":-0.3474421501159668,"26":-0.12774717807769775,"27":-0.15053057670593262,"28":0.021656570956110954,"29":-0.03347846865653992,"30":-0.0009744286653585732,"31":0.08126267045736313,"32":-0.2270054817199707,"33":-0.09554249793291092,"34":-0.03420058265328407,"35":0.028297241777181625,"36":0.0005369479185901582,"37":-0.06634802371263504,"38":0.16053617000579834,"39":-0.06558554619550705,"40":-0.22156214714050293,"41":-0.08419889211654663,"42":0.04267824813723564,"43":0.23981226980686188,"44":0.10414287447929382,"45":0.003465035231783986,"46":-0.021267632022500038,"47":-0.03974050283432007,"48":0.050516530871391296,"49":-0.21898306906223297,"50":-0.03305579349398613,"51":0.09081295132637024,"52":0.08906485885381699,"53":0.02703169360756874,"54":-0.03903547674417496,"55":-0.14822623133659363,"56":0.08373502641916275,"57":0.018778856843709946,"58":-0.21689900755882263,"59":0.006663250736892223,"60":0.08440236747264862,"61":-0.03512433543801308,"62":-0.0027442709542810917,"63":-0.004506109282374382,"64":0.2966999113559723,"65":0.08628392964601517,"66":-0.14497359097003937,"67":-0.02278468944132328,"68":0.097256138920784,"69":-0.12776072323322296,"70":0.02073485031723976,"71":-0.006032747682183981,"72":-0.18422389030456543,"73":-0.24737608432769775,"74":-0.32657888531684875,"75":-0.00033287686528638005,"76":0.4217563569545746,"77":0.1053634062409401,"78":-0.16704927384853363,"79":0.024309782311320305,"80":-0.1363808959722519,"81":0.022707300260663033,"82":0.08623931556940079,"83":0.1383914202451706,"84":-0.051443956792354584,"85":0.10488390177488327,"86":-0.05681881308555603,"87":0.029274875298142433,"88":0.1423589587211609,"89":-0.07746386528015137,"90":-0.032625339925289154,"91":0.2706497609615326,"92":-0.03749119117856026,"93":0.030718324705958366,"94":0.0007490950520150363,"95":0.043271858245134354,"96":0.0040941848419606686,"97":-0.03468820080161095,"98":-0.11992529779672623,"99":0.05084535479545593,"100":0.0285259447991848,"101":-0.04942765831947327,"102":-0.01208938006311655,"103":0.14649833738803864,"104":-0.24962475895881653,"105":0.1191798523068428,"106":0.05158001184463501,"107":-0.013393215835094452,"108":-0.004583665635436773,"109":0.007299718912690878,"110":-0.05488544702529907,"111":-0.12169288098812103,"112":0.12808208167552948,"113":-0.22410963475704193,"114":0.12430930137634277,"115":0.2529633343219757,"116":-0.019103815779089928,"117":0.1905515491962433,"118":0.029360199347138405,"119":0.02801816537976265,"120":-0.03131984546780586,"121":-0.011147824116051197,"122":-0.133880153298378,"123":-0.013878337107598782,"124":0.11297482252120972,"125":-0.043710462749004364,"126":0.04422348737716675,"127":0.019835149869322777}