{"0":-0.167598694562912,"1":0.12214987725019455,"2":0.10512080788612366,"3":-0.07541832327842712,"4":-0.07954511791467667,"5":-0.07578260451555252,"6":-0.03173131123185158,"7":-0.15892620384693146,"8":0.16699792444705963,"9":-0.1299515962600708,"10":0.19968555867671967,"11":-0.0425681509077549,"12":-0.17835566401481628,"13":-0.08201714605093002,"14":-0.01725335419178009,"15":0.22363156080245972,"16":-0.19107234477996826,"17":-0.18256694078445435,"18":-0.027312960475683212,"19":0.004265850409865379,"20":0.030106574296951294,"21":-0.05317921191453934,"22":-0.002071792259812355,"23":0.15673555433750153,"24":-0.16680775582790375,"25":-0.35261282324790955,"26":-0.10230875015258789,"27":-0.16410420835018158,"28":-0.05609005689620972,"29":-0.059519484639167786,"30":-0.057228293269872665,"31":-0.01691487804055214,"32":-0.23319430649280548,"33":-0.04972679913043976,"34":-0.04574686288833618,"35":0.04894399270415306,"36":0.024849234148859978,"37":-0.08554891496896744,"38":0.17364776134490967,"39":-0.028699347749352455,"40":-0.3598226010799408,"41":-0.027724530547857285,"42":0.04468321055173874,"43":0.2454751878976822,"44":0.1781446784734726,"45":-0.00462049525231123,"46":0.03031240403652191,"47":-0.04763701930642128,"48":0.09606780856847763,"49":-0.21535183489322662,"50":0.03703992813825607,"51":0.12662026286125183,"52":0.056264858692884445,"53":0.019436053931713104,"54":-0.03768615424633026,"55":-0.1220775619149208,"56":0.019741112366318703,"57":0.06971461325883865,"58":-0.17603138089179993,"59":-0.031525347381830215,"60":0.09823045879602432,"61":-0.07544701546430588,"62":-0.01707976497709751,"63":-0.055115409195423126,"64":0.23897239565849304,"65":0.11530449986457825,"66":-0.1554754674434662,"67":-0.0729425847530365,"68":0.15218345820903778,"69":-0.1872422993183136,"70":-0.012666482478380203,"71":0.023856887593865395,"72":-0.14102035760879517,"73":-0.23607328534126282,"74":-0.34980571269989014,"75":0.03578672558069229,"76":0.4574703276157379,"77":0.20071324706077576,"78":-0.1997632533311844,"79":0.03192787617444992,"80":-0.1705208718776703,"81":0.03769635409116745,"82":0.07774461060762405,"83":0.18950745463371277,"84":0.021748501807451248,"85":0.11277949810028076,"86":-0.05656437948346138,"87":0.022971568629145622,"88":0.19487175345420837,"89":-0.01877041719853878,"90":0.030363699421286583,"91":0.26349443197250366,"92":0.0049608973786234856,"93":-0.005957160145044327,"94":-0.01801983267068863,"95":0.061741024255752563,"96":-0.07779005169868469,"97":-0.01471719704568386,"98":-0.10000737756490707,"99":0.029608210548758507,"100":-0.007106370758265257,"101":0.03949796408414841,"102":0.005862753372639418,"103":0.15374481678009033,"104":-0.2545197308063507,"105":0.14891083538532257,"106":0.04783736169338226,"107":-0.02016746811568737,"108":0.008430575020611286,"109":0.1025514081120491,"110":-0.04989440366625786,"111":-0.17588159441947937,"112":0.09683553874492645,"113":-0.17548763751983643,"114":0.1026390939950943,"115":0.2215719372034073,"116":-0.007439879700541496,"117":0.15642857551574707,"118":0.07949084043502808,"119":0.09119834750890732,"120":-0.033449869602918625,"121":-0.06692368537187576,"122":-0.1860940307378769,"123":-0.02571234107017517,"124":0.14762835204601288,"125":-0.06404614448547363,"126":0.11343268305063248,"127":0.0151854632422328}