{"0":-0.08648445457220078,"1":0.16219471395015717,"2":0.10454491525888443,"3":-0.08980317413806915,"4":-0.14356999099254608,"5":-0.08261514455080032,"6":-0.04420296102762222,"7":-0.161368727684021,"8":0.2266877144575119,"9":-0.1313077211380005,"10":0.21498921513557434,"11":-0.0732816532254219,"12":-0.2522340416908264,"13":-0.07790154963731766,"14":-0.060566697269678116,"15":0.24001544713974,"16":-0.1915769726037979,"17":-0.1549289971590042,"18":-0.07689988613128662,"19":-0.019006231799721718,"20":0.05166022479534149,"21":-0.0007186264265328646,"22":-0.0403665229678154,"23":0.11866537481546402,"24":-0.12106134742498398,"25":-0.33685004711151123,"26":-0.09704138338565826,"27":-0.11407069861888885,"28":-0.050772059708833694,"29":-0.11538147926330566,"30":-0.03240809962153435,"31":0.08190056681632996,"32":-0.20791392028331757,"33":-0.06872931122779846,"34":-0.019806981086730957,"35":0.02301962301135063,"36":0.03182544931769371,"37":-0.0668112188577652,"38":0.09918836504220963,"39":-0.05710209533572197,"40":-0.3397093713283539,"41":-0.023147786036133766,"42":0.06972356885671616,"43":0.2077087014913559,"44":0.21690399944782257,"45":-0.014421011321246624,"46":0.0076776472851634026,"47":-0.09094473719596863,"48":0.08339902758598328,"49":-0.13822250068187714,"50":-0.05199592933058739,"51":0.12995287775993347,"52":0.11377489566802979,"53":0.023532971739768982,"54":0.02367073856294155,"55":-0.19068048894405365,"56":0.020865803584456444,"57":0.06710325181484222,"58":-0.1505543440580368,"59":-0.05079363286495209,"60":0.1468740701675415,"61":-0.13605545461177826,"62":-0.019701233133673668,"63":-0.04808051511645317,"64":0.2666762173175812,"65":0.02492883987724781,"66":-0.15471705794334412,"67":-0.15071745216846466,"68":0.15624745190143585,"69":-0.20501095056533813,"70":-0.0021125953644514084,"71":0.07649754732847214,"72":-0.15172813832759857,"73":-0.16566327214241028,"74":-0.36228927969932556,"75":-0.002398112090304494,"76":0.41549161076545715,"77":0.14341387152671814,"78":-0.2373732626438141,"79":0.025004835799336433,"80":-0.14601343870162964,"81":0.07620885968208313,"82":0.05914607644081116,"83":0.15500333905220032,"84":-0.016737576574087143,"85":0.06115784868597984,"86":-0.1178361028432846,"87":-0.03615358844399452,"88":0.18356995284557343,"89":-0.03695904463529587,"90":0.041605982929468155,"91":0.2814761996269226,"92":-0.004322662018239498,"93":-0.007090381346642971,"94":-0.02877037599682808,"95":-0.03021622635424137,"96":-0.112323097884655,"97":-0.020084433257579803,"98":-0.07338715344667435,"99":0.032741814851760864,"100":-0.04508387669920921,"101":-0.025154447183012962,"102":-0.02759561501443386,"103":0.1582963615655899,"104":-0.16823601722717285,"105":0.08715643733739853,"106":0.007210761774331331,"107":0.042557500302791595,"108":-0.03530780225992203,"109":0.08185291290283203,"110":-0.088511161506176,"111":-0.18312276899814606,"112":0.15203674137592316,"113":-0.21367423236370087,"114":0.1133677139878273,"115":0.1687878966331482,"116":0.01845269277691841,"117":0.09828243404626846,"118":0.07932977378368378,"119":0.14174990355968475,"120":-0.06505881994962692,"121":-0.050938379019498825,"122":-0.1457740068435669,"123":-0.004148439969867468,"124":0.13930316269397736,"125":-0.1536545753479004,"126":0.09546877443790436,"127":-0.020435364916920662}